candidate_id,formula,elements,n_atoms,volume_per_atom_a3,role_in_E4,pss,screened_by_pss,spacegroup_generated,spacegroup_number_generated,site_fraction_generated,law7_generated,spacegroup_dft_relaxed,spacegroup_number_dft_relaxed,site_fraction_dft_relaxed,law7_dft_relaxed,proxy_bulk_modulus_gpa,dft_bulk_modulus_gpa,dft_bulk_modulus_pressure_derivative,dft_equilibrium_volume_a3,birch_murnaghan_rms_ev,relaxation_converged
candidate_0000,Ir5Os7,Ir Os,12,14.849055196352937,control,-0.569329827009457,False,P1,1,1.0,False,Cm,8,1.0,False,375.547605320632,349.17249373800047,5.079204891071073,178.19935624996396,0.0005216789605778956,True
candidate_0004,ReIrOs2,Ir Os Re,4,14.556683442273036,control,0.24151701209006252,False,Cmmm,65,0.75,False,Cmmm,65,0.75,False,390.44888326733593,377.7785423506457,4.880492153814046,58.24437877408939,8.78241899023533e-06,True
candidate_0006,Re3Ir2Os11,Ir Os Re,16,14.493729508217012,priority,0.24404412141388646,False,Cm,8,0.75,False,C2/m,12,0.5625,True,411.0616768457807,387.6626618704476,4.8968419807658785,232.04251039045647,6.194685372751364e-05,True
candidate_0009,Ir2Os7,Ir Os,18,15.4244450973408,screened,-0.6378596707391505,True,P1,1,1.0,False,P1,1,1.0,False,381.5342990134223,334.60510343002227,5.28265597874528,277.7962349846521,0.00019203397752392987,True
candidate_0011,Re5Os2,Os Re,14,15.176059444080305,screened,-0.6514096948257566,True,P1,1,1.0,False,P1,1,1.0,False,387.24363800617584,353.7676379343284,4.801144156261096,212.67579550006855,1.12297964790892e-05,True
candidate_0013,ReOs5,Os Re,6,14.449118425113234,priority,-0.5196694573966908,False,Cm,8,1.0,False,Cm,8,1.0,False,404.20840259059185,395.78587347034556,4.89791512929682,86.71917689955198,3.811302017957242e-05,True
candidate_0015,IrOs8,Ir Os,9,14.40818001009036,priority,1.5830192982804112,False,I4/mmm,139,0.3333333333333333,True,I4/mmm,139,0.3333333333333333,True,401.2719932257208,387.85497505609504,4.9707287205579,129.77740469342535,3.652454765071592e-07,True
candidate_0017,Os,Os,4,14.353336916088901,priority,1.8690700158446896,False,P6_3/mmc,194,0.25,True,P6_3/mmc,194,0.25,True,436.6152921537611,400.3845134329008,4.926959162776914,57.43748978389274,2.6362285862716127e-05,True
candidate_0023,Re8B2Os5C3,B C Os Re,18,12.46528233452695,control,-0.14773976048900972,False,P1,1,1.0,False,P1,1,1.0,False,365.052323059289,352.95748395397504,4.875483754937853,224.44852861601012,0.00010932683950276725,True
candidate_0025,Ir2Os,Ir Os,18,14.46574330932722,control,-0.5230669565525191,False,P1,1,1.0,False,P1,1,1.0,False,381.80651775087904,362.6334002272841,5.239818615959068,260.3432777529864,0.0001379223313733432,True
candidate_0034,IrOs3,Ir Os,8,14.379020722767763,priority,1.4556668217011017,False,Pmmn,59,0.375,True,Pmmn,59,0.375,True,415.8020857682442,388.4634787005213,5.0029441751324155,115.0663652662565,1.0692362755128037e-05,True
candidate_0037,IrOs7,Ir Os,8,14.371346537757363,priority,-0.49218722904662915,False,Pmm2,25,1.0,False,Pmm2,25,1.0,False,427.7870944757225,394.21136121496784,4.946575989170377,114.96963947417865,8.195860103621153e-05,True
candidate_0051,ReOs5,Os Re,6,14.449476839145364,priority,-0.5128631503878358,False,Amm2,38,1.0,False,Amm2,38,1.0,False,410.1097100996811,395.5729482579146,4.898546934027038,86.72573378531933,9.212858173743533e-06,True
candidate_0052,IrOs3,Ir Os,4,14.382137871067723,priority,-0.5015528270889535,False,Pmm2,25,1.0,False,Pmm2,25,1.0,False,422.8281626582972,388.38714299548025,4.991612420650281,57.54399179113779,4.2596734818276224e-05,True
candidate_0063,Os7W,Os W,16,14.601185458829793,priority,0.24189641454762004,False,Cm,8,0.75,False,Cmce,64,0.3125,True,425.74624238803904,382.76152582788114,4.868027780123327,233.67523065660745,0.00010827624016720847,True
candidate_0065,IrOs3,Ir Os,12,14.386548094767356,priority,-0.5138037868132053,False,Pm,6,1.0,False,Pm,6,1.0,False,404.3180997845905,387.5669235625283,5.02908489990603,172.63096457697327,2.0814898951606304e-05,True
candidate_0066,IrOs2,Ir Os,12,14.424429135125221,control,-0.5145541864639798,False,Imm2,44,1.0,False,Imm2,44,1.0,False,389.21577294234186,379.2779131166935,5.07694196412901,173.10655446850154,7.105427357601002e-15,True
candidate_0073,IrOs,Ir Os,12,14.436097898835579,priority,-0.5162213509368104,False,Pm,6,1.0,False,Pm,6,1.0,False,405.5022729508629,374.4938402262967,5.087093525530613,173.25643624512034,4.355666891721721e-05,True
candidate_0074,Re2Ir3Os7,Ir Os Re,12,14.493674723334676,priority,-0.5274995498279699,False,P1,1,1.0,False,P1,1,1.0,False,418.66357005734534,381.21461111609017,5.009357901319939,173.9694316519246,7.48112103823345e-05,True
candidate_0077,IrOs2,Ir Os,12,14.430270755203141,priority,-0.47185190322008985,False,P1,1,1.0,False,I4_1/amd,141,0.25,True,428.3451280458812,379.29194769877637,5.062539365644882,173.10648463641857,3.592488125411793e-05,True
candidate_0084,ReIr3,Ir Re,4,14.579658428965235,control,-0.5413649220372589,False,Pmm2,25,1.0,False,Pmm2,25,1.0,False,392.546604181445,360.8877295926217,5.043465261010812,58.330437257786414,1.3385708081433056e-05,True
candidate_0086,IrOs2,Ir Os,6,14.396510790226195,priority,1.0497103598891369,False,Cmcm,63,0.5,True,Cmcm,63,0.5,True,406.9253747551237,383.0933490434879,5.055378573596104,86.40974757281711,2.7940581884509953e-05,True
candidate_0096,IrOs,Ir Os,12,14.429383154337025,priority,1.0608731717613482,False,Pmn2_1,31,0.5,True,Pmn2_1,31,0.5,True,414.2303794856437,375.3298587317254,5.07059981175445,173.19210524484447,5.187447596066179e-05,True
candidate_0097,ReIr2Os,Ir Os Re,4,14.55668591293784,priority,-0.5167626153930894,False,C2,5,1.0,False,I-4m2,119,1.0,False,405.1924089145057,370.37664480143917,4.952276345023658,58.25165513692226,3.347515876770409e-06,True
candidate_0100,IrOs,Ir Os,4,14.425248255610896,priority,1.0601488206969725,False,Pmma,51,0.5,True,Pmma,51,0.5,True,419.1974916358665,375.3342143653754,5.064266380918454,57.72412624001932,1.2729842923406841e-05,True
candidate_0107,Re2Os2W,Os Re W,10,15.21588894756618,screened,-0.637999446436994,True,P1,1,1.0,False,P1,1,1.0,False,385.7138942317908,344.06565346566225,4.82155719126956,152.31059179400404,1.2513212927469105e-05,True
candidate_0118,ReIrOs2,Ir Os Re,4,14.495006305657713,priority,-0.5298729364948571,False,Pmm2,25,1.0,False,Pmm2,25,1.0,False,403.0414378248935,384.2096716056019,4.945173489788509,58.00210299243713,1.5232896005786734e-05,True
candidate_0124,Re7W8,Re W,15,16.275524721658364,screened,-0.9562061697510111,True,P1,1,1.0,False,P1,1,1.0,False,280.5757022937872,300.8074770385177,4.692507889046631,244.30878212142724,5.68220905037459e-05,True
candidate_0130,IrOs2,Ir Os,12,14.39893762538059,priority,1.847356514824367,False,Pnma,62,0.25,True,Pnma,62,0.25,True,421.00146870423043,383.99551211018616,5.019603530243011,172.78834232824948,4.2236425483107155e-05,True
candidate_0131,IrOs5,Ir Os,6,14.36663187834843,priority,1.067613426050083,False,P-62m,189,0.5,True,P-62m,189,0.5,True,419.21721699445567,392.2280178364722,5.035699072271622,86.236657992534,2.345341978547778e-05,True
candidate_0132,Re3Os2,Os Re,10,14.734560629337775,priority,-0.5716590080885137,False,P1,1,1.0,False,C2,5,0.6,True,422.0945610731947,381.73635474973497,4.746590313093097,147.36363326244623,1.3541285363299767e-05,True
candidate_0134,Ir3Os13,Ir Os,16,14.411254868760233,priority,0.6670332827123621,False,C2,5,0.625,True,C2/m,12,0.5625,True,418.13714648277806,387.8055760323628,4.976696321387627,230.6544513706285,1.7060236810293508e-06,True
candidate_0140,IrOs,Ir Os,12,14.461698966259021,control,1.036987497070963,False,P2_1/m,11,0.5,True,P2_1/m,11,0.5,True,377.19004456125685,363.1001525191981,5.36878935127639,173.60084018139733,7.474355799717726e-05,True
candidate_0142,Os3Ru,Os Ru,16,14.260534092126075,priority,0.3091134013477741,False,Cm,8,0.75,False,Cmc2_1,36,0.375,True,418.20350894771593,360.7266504569049,6.410051108854567,228.13734589231606,0.0015106087669243052,True
candidate_0143,IrOs3,Ir Os,8,14.386156257831525,priority,1.0647342680469032,False,Pmma,51,0.5,True,Pmma,51,0.5,True,418.15952342837375,386.8903097701287,4.9729506366641525,115.14551818528159,6.32272587260904e-05,True
candidate_0151,ReOs3,Os Re,8,14.49584964502353,priority,1.437772529679419,False,Pmmn,59,0.375,True,Pmmn,59,0.375,True,405.6945658881274,394.27409878648155,4.855204086988015,115.97365704401713,1.5208629422437662e-05,True
candidate_0153,Os5W3,Os W,16,15.084927321169673,screened,-0.6681534760615095,True,P1,1,1.0,False,P1,1,1.0,False,354.916039583965,349.16712085980913,4.881602610905318,241.41214583466575,0.00018013575510622722,True
candidate_0155,IrOs2,Ir Os,12,14.401334839893535,priority,-0.5184857595294247,False,Pm,6,1.0,False,Pmmn,59,0.3333333333333333,True,401.70855504277034,384.0519264945741,5.012564076478083,172.79668439778305,2.6531164580631493e-05,True
candidate_0157,Ir3W2,Ir W,10,15.315346208563929,screened,-0.6928449120905387,True,P1,1,1.0,False,Cc,9,0.5,True,343.8015734043097,319.76774571603016,5.021711317707573,153.2551553780449,7.706292246543969e-05,True
candidate_0164,Ir2Os,Ir Os,12,14.479696508963116,control,1.0616714444666253,False,P2_1/m,11,0.5,True,P2_1/m,11,0.5,True,399.8230001633293,359.8460317567753,5.269882407291547,173.71906077688865,8.671950774147727e-05,True
candidate_0169,Ir2Os7W2,Ir Os W,11,15.572858962263213,screened,-0.7550068438507661,True,P1,1,1.0,False,Cm,8,1.0,False,352.4408266680575,322.1977461259657,5.774170417426947,171.4041536379052,0.00037083868328434145,True
candidate_0170,Re3Os5,Os Re,8,14.567014385056373,control,-0.5575996299238907,False,Pm,6,1.0,False,Pm,6,1.0,False,378.4165325092762,390.0268722208724,4.795492737592602,116.63804869544394,1.8506443687175195e-05,True
candidate_0171,Os7Ru,Os Ru,8,14.280758772401429,priority,-0.4920583533078182,False,Pmm2,25,1.0,False,Pmm2,25,1.0,False,403.93705109325873,388.98631393191175,4.94087416560446,114.2777770304844,4.0943307445465315e-06,True
candidate_0174,Re3Os7,Os Re,10,14.535530861414767,priority,-0.579382244012365,False,P1,1,1.0,False,P1,1,1.0,False,401.2548755245299,392.21598039567004,4.838155649524689,145.35864555084692,4.64166572473516e-05,True
candidate_0175,ReOs3,Os Re,16,14.532538752379063,priority,-0.5421327907928251,False,P1,1,1.0,False,P6_3/mmc,194,0.25,True,425.05968758442566,390.6358642883454,4.98310227637813,232.66785163802672,0.00016812697226706883,True
candidate_0177,IrOs3,Ir Os,4,14.398282260209243,priority,0.2774832195556294,False,P-6m2,187,0.75,False,P-6m2,187,0.75,False,410.245189696083,384.40208537588205,5.049208066482842,57.63159288960863,3.828693625071785e-05,True
candidate_0184,Re2Ir3,Ir Re,10,14.673697570165738,control,-0.5733519806387108,False,Amm2,38,1.0,False,P2_1/m,11,0.5,True,362.5671900006495,358.47433487287617,4.963230787522425,146.8386694493633,8.774187560806056e-05,True
candidate_0194,IrOs11,Ir Os,12,14.360839513504203,priority,-0.4980439587356279,False,Pm,6,1.0,False,Pmm2,25,1.0,False,420.6494234495126,395.893774710813,4.957533950890074,172.40335233127647,2.3916790264938584e-05,True
candidate_0195,Os3W2,Os W,10,15.331446599719873,screened,-0.680927298282217,True,P1,1,1.0,False,Imm2,44,0.5,True,361.20727157302986,338.6286197772536,4.680722082904774,153.35280921758147,7.793507472123914e-05,True
candidate_0196,ReOs3,Os Re,12,14.560391279719541,priority,-0.5408507351627317,False,Imm2,44,1.0,False,I-4m2,119,0.6666666666666666,True,400.07355179728836,386.5778794809795,4.8318779778034475,174.8276742667077,4.289901517800211e-05,True
candidate_0200,IrOs9,Ir Os,10,14.415154286099488,priority,-0.5067053216946878,False,P1,1,1.0,False,P4/mmm,123,0.6,True,401.7583712603996,383.26355396971076,6.929596683501198,143.93211620594033,0.005151292501071338,True
candidate_0215,Ir2Os3,Ir Os,10,14.427228562135102,control,-0.5154527832958283,False,C2,5,1.0,False,C2,5,1.0,False,388.75674279619716,375.00373455795847,5.121795171525042,144.33869273792018,4.530713521520182e-05,True
candidate_0221,Os,Os,3,14.389143868020023,priority,0.5198304068447207,False,R-3m,166,0.6666666666666666,True,R-3m,166,0.6666666666666666,True,414.0698257580022,396.145119242511,5.015783779814894,43.18160956498402,2.8688061147955904e-05,True
candidate_0224,Re4W,Re W,10,15.312797220771298,screened,-0.6907373548811707,True,P1,1,1.0,False,C2,5,0.6,True,335.1077241834852,343.0432058755217,4.665393777388682,153.18274067793308,3.3488046342049015e-05,True
candidate_0227,Re4Ir7,Ir Re,11,15.504993950337006,screened,-0.7559238748567393,True,Imm2,44,1.0,False,Imm2,44,1.0,False,332.1701290862767,307.91896833803906,5.519417906821689,170.51803308721804,8.381061414438308e-05,True
candidate_0230,ReOs7,Os Re,16,14.463490558231472,priority,1.0476329787482714,False,P3m1,156,0.5,True,P3m1,156,0.5,True,436.4006058734574,373.64934908751593,7.502545294681429,231.6152168587794,0.004445998758648298,True
candidate_0236,IrOs2,Ir Os,6,14.398591427085153,priority,-0.5198100401371247,False,Amm2,38,1.0,False,Amm2,38,1.0,False,405.1844574222583,383.4827089135632,5.0305932765549475,86.4157733739162,1.0409682809496703e-05,True
candidate_0241,Ir5Os7,Ir Os,12,14.429957823643742,priority,-0.4994836312474972,False,Imm2,44,1.0,False,Immm,71,0.5833333333333334,True,403.91934272618545,375.0810521899726,5.086976319069868,173.20479967532088,6.525296241764831e-05,True
candidate_0244,Os7W3,Os W,10,15.1635285897237,screened,-0.6538651978091304,True,P1,1,1.0,False,P1,1,1.0,False,369.2000026852173,343.1548096983961,4.916601434824775,151.64027373645177,5.3033823275414874e-05,True
candidate_0249,IrOs7,Ir Os,8,14.359624867400505,priority,1.0529921481417828,False,P-6m2,187,0.5,True,P-6m2,187,0.5,True,404.23926358933295,394.6012855922095,4.976404236789091,114.94564011898747,5.0062424634153824e-05,True
candidate_0253,Ir2Os5,Ir Os,14,14.395194231326073,priority,-0.49848206832177,False,P1,1,1.0,False,P1,1,1.0,False,419.5214226730207,384.9512235222926,5.03815460223924,201.57173122571874,4.0961459798052087e-05,True
candidate_0261,ReOs3,Os Re,12,14.557471218491926,priority,-0.5341845152993847,False,Imm2,44,1.0,False,Imm2,44,1.0,False,405.2285784714318,370.9177466134179,7.030116214448638,174.76154719191408,0.0028041009386249264,True
candidate_0264,Ir3Os4,Ir Os,7,15.734797858790902,screened,-0.8233634045485988,True,Pm,6,1.0,False,Pm,6,1.0,False,326.8530621731822,324.74847028668466,5.274590606476254,110.16850672087642,4.843044638284245e-05,True
candidate_0269,Re5B3Ir2,B Ir Re,10,12.3628900019765,control,-0.08361683753467097,False,Pm,6,1.0,False,Amm2,38,0.7,False,343.8436324342246,316.92133734012964,4.944258288720378,123.69422185815351,0.00022828215432550754,True
candidate_0273,IrOs3,Ir Os,12,14.41814402893936,priority,-0.495955245399458,False,Imm2,44,1.0,False,Imm2,44,1.0,False,407.4002303463029,381.28991995411855,5.161247891713987,173.08238574817213,0.00016719650193630907,True
candidate_0284,Re(Ir2Os3)2,Ir Os Re,11,15.359575114607093,screened,-0.7312963059926489,True,Cm,8,1.0,False,Cm,8,1.0,False,347.5281588715386,318.7028353574425,5.522053882853183,169.0847225504106,1.556203405443739e-05,True
candidate_0292,Re4Os,Os Re,10,14.89068779845893,screened,-0.6438093576265245,True,P1,1,1.0,False,P-1,2,0.5,True,337.2114703494536,373.9466305692437,4.683372680388914,148.887535402646,2.920070304014213e-05,True
candidate_0294,Re2Ir3,Ir Re,15,15.287914811528966,screened,-0.6876460174279266,True,Pmm2,25,1.0,False,Pmm2,25,1.0,False,349.91122384071224,318.00813854407266,5.584655334407903,229.37407843324002,0.00019457612575393723,True
candidate_0299,Ir5Os7,Ir Os,12,14.412105594412258,priority,-0.5003320831437847,False,Pm,6,1.0,False,Pm,6,1.0,False,420.5135276301135,379.4272984962258,5.0539321661589325,172.98684986926287,1.7707565069927449e-06,True
candidate_0300,Os3W,Os W,8,14.814587597509547,control,0.9565047237786374,False,Pmma,51,0.5,True,Pmma,51,0.5,True,352.4601136077887,369.5487927835028,4.755551013646295,118.5420747385368,3.136804134367946e-05,True
candidate_0301,IrOs5,Ir Os,6,14.374721973724137,priority,-0.4984738412908558,False,Amm2,38,1.0,False,Amm2,38,1.0,False,422.3838668156426,391.1977065368821,4.998774946257437,86.26366242834175,7.62575569207851e-06,True
candidate_0305,Ir4Os14W,Ir Os W,19,14.962927459463947,screened,-0.649880430596925,True,Pm,6,1.0,False,Pm,6,1.0,False,367.7547750727399,360.5195910192805,5.00948770325912,284.3848951471239,5.724066424580184e-05,True
candidate_0311,Os7W3,Os W,10,15.083200107678053,screened,-0.6502883917910348,True,Cm,8,1.0,False,Cm,8,1.0,False,371.46621479740264,350.0235277013612,4.765625900861329,150.8796285913204,5.780118159590536e-05,True
candidate_0312,Ir2Os3,Ir Os,5,14.444192869853158,priority,0.7504143896754285,False,I4/mmm,139,0.6,True,I4/mmm,139,0.6,True,402.31014609721126,368.6702976470676,5.212476023185714,72.26620138501127,2.422712016999954e-05,True
candidate_0313,Ir5Os11,Ir Os,16,14.43331597710901,priority,0.28054793971167036,False,Cm,8,0.75,False,Cm,8,0.75,False,416.97644763860154,380.35909617030376,5.141136420018963,230.86666767175853,0.00015514985240043896,True
candidate_0320,Re6Ir8W,Ir Re W,15,15.357068468053235,screened,-0.7476025485281531,True,Pmm2,25,1.0,False,Pmm2,25,1.0,False,319.85769980688207,324.27338679897224,5.240765987229393,230.42801141652794,0.00015099141319198532,True
candidate_0330,IrOs3,Ir Os,4,14.414497720184702,priority,0.2784471758815492,False,I4/mmm,139,0.75,False,I4/mmm,139,0.75,False,400.0689048486388,383.8985512555165,4.970301508076368,57.67247119457001,1.0891423619371748e-05,True
candidate_0331,Ir5Os11,Ir Os,16,14.42468667694486,priority,0.279214363869438,False,Cm,8,0.75,False,Amm2,38,0.5625,True,416.6979107383102,381.647486888018,5.0429713945080445,230.84589703537026,5.755851008975088e-05,True
candidate_0332,IrOs4,Ir Os,5,14.427979455430801,control,0.7337737080611444,False,I4/mmm,139,0.6,True,I4/mmm,139,0.6,True,387.3497241060197,379.69434342514495,5.219708873984298,72.15729587845378,2.477625064873543e-05,True
candidate_0336,Re5Ir4,Ir Re,18,15.168756507662364,screened,-0.7143268569758725,True,P1,1,1.0,False,P1,1,1.0,False,320.16356574272135,332.66914187809743,5.226692188533073,273.1239791450748,0.0001311262443068316,True
candidate_0339,IrOs3,Ir Os,4,14.387056373587322,priority,0.2627098099232428,False,Imm2,44,0.75,False,Imm2,44,0.75,False,400.94745796844614,387.52665644326066,5.013965639368206,57.56205558877386,1.528262420563474e-05,True
candidate_0342,ReOs3,Os Re,4,14.498970864950705,priority,-0.5245485402398359,False,Pmm2,25,1.0,False,Pmm2,25,1.0,False,400.4851582314579,393.32554546454054,4.852114313756987,58.00566608407755,3.8333809781255296e-05,True
candidate_0343,IrOs,Ir Os,12,14.438844901416287,priority,1.049519583443765,False,Pmn2_1,31,0.5,True,Pmmn,59,0.3333333333333333,True,409.68963353587446,374.4479757169263,5.072275459362536,173.2531499929474,3.426536419855529e-05,True
candidate_0355,Ir2Os,Ir Os,12,14.475762915251023,priority,1.0576734440507987,False,P2_1/m,11,0.5,True,Pnma,62,0.25,True,416.5712976755134,365.0914468444062,5.117679409718832,173.77965502776505,8.189849357512337e-05,True
candidate_0357,Re5(Ir2Os3)3,Ir Os Re,20,14.500940786509,control,-0.5435687418387056,False,Pm,6,1.0,False,Pm,6,1.0,False,386.12703433429743,381.7116464044222,5.00436258115579,290.10574130438596,0.0001789591328623908,True
candidate_0367,IrOs3,Ir Os,16,14.413144862293807,priority,0.8680993606440656,False,C2/m,12,0.5625,True,C2/m,12,0.5625,True,421.22518372156924,385.1875057316846,4.998857667911728,230.6519807082011,1.652748897337595e-05,True
candidate_0369,IrOs3,Ir Os,8,14.415310131636634,control,1.045862993564568,False,Imma,74,0.5,True,Imma,74,0.5,True,383.3257906442982,382.80093483773817,4.955607462857366,115.37504619206707,3.436304580764816e-05,True
candidate_0370,Cr3Os13,Cr Os,16,13.95110144659046,priority,1.1585917410627256,False,P3m1,156,0.5,True,P-6m2,187,0.375,True,420.03481994589384,367.52675252520294,4.862694950154128,223.33720302632423,5.44900026974946e-05,True
candidate_0374,Ir7Os5,Ir Os,12,14.455508816138023,priority,-0.5041182958500053,False,Imm2,44,1.0,False,Imm2,44,1.0,False,400.74125261840004,365.17821746959345,5.176571565427046,173.52419120507682,5.8625806086168025e-05,True
candidate_0376,ReOs5,Os Re,12,14.4951046904963,priority,-0.5394506711894144,False,P1,1,1.0,False,P1,1,1.0,False,420.8132960018495,390.61704673273226,4.920814009550148,173.92319940909718,5.157388869341668e-05,True
candidate_0377,IrOs2,Ir Os,6,14.391415580942914,priority,1.5753145217182007,False,Cmcm,63,0.3333333333333333,True,Cmcm,63,0.3333333333333333,True,401.922128248243,384.04568792592295,5.022561445201581,86.37448610496604,4.036682084499319e-05,True
candidate_0383,Ir4OsRuW4,Ir Os Ru W,10,15.072341545593769,screened,-0.6479950960649324,True,Cm,8,1.0,False,Cm,8,1.0,False,344.55076931611376,327.5372137159717,4.908609515016179,150.75838558046658,8.176515211959649e-05,True
candidate_0388,ReOs,Os Re,10,14.702754296725924,priority,-0.5711806825511836,False,Pm,6,1.0,False,Pm,6,1.0,False,412.9511350529911,379.11565238931723,4.984228922776064,147.11927362857952,0.0001583379752459659,True
candidate_0393,Ir4W,Ir W,15,15.435116552845662,control,1.317127085690156,False,P-3m1,164,0.3333333333333333,True,P-3m1,164,0.3333333333333333,True,301.5424283625603,316.93392948271105,5.100081918763276,231.49290953292143,8.680776554012703e-05,True
candidate_0396,ReOs5,Os Re,6,14.44438467116587,priority,1.042829241458977,False,P-62m,189,0.5,True,P-62m,189,0.5,True,400.4138234700916,395.71871882902946,4.861699471390707,86.71595683730398,3.4700601805571905e-05,True
candidate_0397,ReOs7,Os Re,16,14.472465646527963,priority,1.2370665438992354,False,C2/m,12,0.4375,True,Cmcm,63,0.3125,True,428.0691363194475,376.05599872965604,7.137123605673472,231.64309231218294,0.003782004552133329,True
candidate_0399,IrOs2,Ir Os,6,14.392505055505843,priority,1.0519907490928802,False,P-62m,189,0.5,True,P-62m,189,0.5,True,408.8149839775375,384.09199549938415,5.024912598998442,86.38705039140191,4.229716791292227e-06,True
candidate_0400,ReIr(Os3W)4,Ir Os Re W,18,15.1779895307086,screened,-0.6699776003735006,True,Pm,6,1.0,False,P1,1,1.0,False,362.4332700305499,357.8300216346862,5.520106572705148,267.2408219843245,0.0011081330876575996,False
candidate_0403,Ir5Os11,Ir Os,16,14.423666667926387,priority,-0.4902039228194933,False,P1,1,1.0,False,Cm,8,0.75,False,431.27415514063335,380.56598262355675,5.07603323356971,230.84717865883928,2.7944626849298667e-05,True
candidate_0404,IrOs,Ir Os,12,14.446014756389346,priority,-0.502044675559934,False,Pmm2,25,1.0,False,Pmm2,25,1.0,False,401.3331565759696,370.91020368671406,5.134971817684577,173.3433489040758,5.865226636917897e-05,True
candidate_0407,Ir3Os,Ir Os,12,14.48034812596754,priority,-0.4871027458922782,False,P1,1,1.0,False,Cm,8,1.0,False,416.9474214294954,357.4569197911159,5.240016602988839,173.80065657059203,4.895367943914525e-05,True
candidate_0411,ReOs5,Os Re,12,14.504160799872112,priority,-0.5229113639155969,False,Imm2,44,1.0,False,Imma,74,0.5,True,406.52252816488414,386.9293658574162,5.034007905324672,174.20875122897206,0.00027604292925798756,True
candidate_0412,IrOs3,Ir Os,4,14.433890856710269,priority,0.29163143865173236,False,P-3m1,164,0.75,False,P-3m1,164,0.75,False,430.4122802136181,383.0896122854419,5.064352354867744,57.735935326152266,0.00012072351022220897,True
candidate_0413,ReOs6,Os Re,14,14.43545526930593,priority,1.0585924601858192,False,P-1,2,0.5,True,P-1,2,0.5,True,413.8343111960106,396.56871560465135,4.88035152277855,202.17425477615146,2.7097637516894024e-06,True
candidate_0414,IrOs3,Ir Os,16,14.425207956491732,priority,-0.5210636457932174,False,P1,1,1.0,False,P1,1,1.0,False,401.6661802982257,384.060281759887,5.053686762169478,230.73697048697142,8.19304833552892e-05,True
candidate_0416,Ir5Os7,Ir Os,12,14.404566474075851,priority,-0.5019974758614074,False,Pm,6,1.0,False,Pm,6,1.0,False,419.0448484240044,379.8171535311392,5.049043798065813,172.9564764824517,2.1110408687269627e-05,True
candidate_0433,Re3Ir5Os11,Ir Os Re,19,14.936748699462315,screened,-0.6390871824484389,True,Pm,6,1.0,False,Pm,6,1.0,False,375.13831959053135,363.7452750287553,4.972885334475976,283.8801258984877,8.383140398461748e-05,True
candidate_0435,Ir6Ru4Rh,Ir Rh Ru,11,15.055269132338166,screened,-0.7000882741482589,True,Cm,8,1.0,False,Cm,8,1.0,False,277.54823430452484,280.5444406577667,5.539229005286684,165.6594086460225,7.30595413584945e-05,True
candidate_0440,B2IrOs3,B Ir Os,12,12.259536158871517,control,-0.08560331491091688,False,P1,1,1.0,False,Cc,9,0.5,True,330.3532004136114,331.57117387930225,4.669056512613991,147.111044669051,1.3429761834643167e-05,True
candidate_0446,Re,Re,3,15.032441861865346,control,0.4082247428434046,False,R-3m,166,0.6666666666666666,True,R-3m,166,0.6666666666666666,True,384.20140959902346,365.9132929510966,4.548414928654608,45.125041311071556,8.877969117060728e-06,True
candidate_0451,Re4Os11,Os Re,15,15.222779802353816,screened,-0.7013278422721831,True,P1,1,1.0,False,P1,1,1.0,False,373.8984334171052,346.6947537305689,5.409837106135722,228.3819592746749,0.00046717103177390285,True
candidate_0460,Re3Ir8,Ir Re,11,14.597099486735015,control,-0.5566021394639371,False,P1,1,1.0,False,P-1,2,0.5454545454545454,True,366.3557230042426,357.4473480159139,5.0985131945126305,160.6132632943189,9.018249921968231e-05,True
candidate_0473,B4OsW2,B Os W,14,10.077357247013042,control,0.392303338279108,False,Cm,8,1.0,False,P1,1,1.0,False,319.97868424326595,311.94690270995187,4.500817315244584,141.06897679099322,5.668093389235123e-05,True
candidate_0477,Ir5Os10Ru3,Ir Os Ru,18,14.284384787701176,priority,-0.48450397793244293,False,Pm,6,1.0,False,Pm,6,1.0,False,403.1658725607475,372.3222008239284,5.000490793326402,257.17214364768824,8.332937354706038e-06,True
candidate_0479,Re3Os13,Os Re,16,14.461253132440644,control,-0.5287126331426486,False,P1,1,1.0,False,Cm,8,0.75,False,394.4014253859223,395.40766251669163,4.868499252023875,231.3932372317944,3.0142554655050096e-05,True
candidate_0482,B6IrOs5,B Ir Os,12,10.342225756993992,control,0.3657254723053539,False,P1,1,1.0,False,Pm,6,1.0,False,375.5055930922535,300.23779894266613,6.245357717874589,124.14942824294593,0.00023332129064563658,True
candidate_0484,Re8Ir4W,Ir Re W,13,14.964184822253792,screened,-0.6497395950235363,True,Cm,8,1.0,False,Imm2,44,1.0,False,344.06021127312863,358.666302722871,4.84009277022395,194.62147768205008,5.656702377407703e-05,True
candidate_0486,Ir6Os5,Ir Os,11,15.261947998060567,screened,-0.7085437544786457,True,Imm2,44,1.0,False,Imm2,44,1.0,False,347.3150100564409,323.5128029920358,5.412164789028232,167.9547590850463,0.00014760004144427814,True
candidate_0489,ReIr2Os13,Ir Os Re,16,14.449982700088693,priority,-0.5077194878597371,False,P1,1,1.0,False,Pm,6,0.75,False,432.4214897942888,380.6681890036491,5.532172763451308,231.2048440615977,0.000550425681430255,True
candidate_0492,MoOs4,Mo Os,10,14.935166377669878,priority,1.3140687730688385,False,C2/m,12,0.4,True,C2/m,12,0.4,True,410.26928409603397,299.1620878180798,6.045587452448134,150.0001362951091,0.007115901212228078,True
candidate_0493,IrOs3,Ir Os,12,14.419318883958013,priority,-0.49644311424115384,False,Imm2,44,1.0,False,Imm2,44,1.0,False,406.16752197663027,381.6221954238069,5.147467637549426,173.06161908729382,0.00015358823169005762,True
candidate_0494,Re11Os5,Os Re,16,14.8030948995739,control,-0.610075009053409,False,Pm,6,1.0,False,Pm,6,1.0,False,348.7961978314971,379.3243568592069,4.728219623160433,236.8017222313152,0.0001356344335681793,True
candidate_0502,Os5Ru,Os Ru,12,14.250690260668451,priority,1.087439420028757,False,P2_1/m,11,0.5,True,P2_1/m,11,0.5,True,408.4764717306419,385.4952687566203,4.943571063243098,171.0812656738022,8.972416020439389e-06,True
candidate_0508,Re2Os7,Os Re,9,14.549007236282144,control,1.196646887197623,False,Immm,71,0.4444444444444444,True,Immm,71,0.4444444444444444,True,392.9266232005005,387.57296633757716,4.879455435701402,130.9875181917458,7.79857983035447e-05,True
candidate_0515,Re5Ir6,Ir Re,11,15.475248425694078,screened,-0.6999761799169648,True,Imm2,44,1.0,False,Imm2,44,1.0,False,360.08247137496323,326.391901066184,5.048101976195858,170.33607094916326,6.58039498482711e-05,True
candidate_0516,Re3Ir9Os7,Ir Os Re,19,15.049843774214573,screened,-0.6495381340556532,True,Pm,6,1.0,False,Pm,6,1.0,False,358.0824341006568,335.7414086816298,5.515764692833815,286.02878717769676,0.000300334514580161,True
candidate_0517,ReIr2Os,Ir Os Re,4,14.546663676019913,control,0.23712988946405536,False,I4/mmm,139,0.75,False,I4/mmm,139,0.75,False,376.1281850022172,370.97729220199955,4.945492794776836,58.195840345807134,9.148417688747148e-06,True
candidate_0522,Ir3Os8,Ir Os,11,14.428723555600662,control,-0.5107567635256135,False,P1,1,1.0,False,P1,1,1.0,False,394.82666540818906,380.8804950911627,5.078882881829407,158.6829708229255,9.372939984331676e-05,True
candidate_0523,Re2Mo3Os5,Mo Os Re,10,14.908031447987629,control,-0.634448657945506,False,P1,1,1.0,False,P1,1,1.0,False,326.5121025405314,339.98563846571886,4.7814288295729,149.1034861426585,2.6340845690690062e-05,True
candidate_0539,Ir3Os13,Ir Os,16,14.41328818858031,priority,0.2674498932903233,False,Cm,8,0.75,False,Cm,8,0.75,False,413.5321388859416,382.2300416854832,5.347323194814571,230.66058766067363,0.00020302670490817743,True
candidate_0542,IrOs3,Ir Os,16,14.386025904171044,priority,-0.5088345908035797,False,P1,1,1.0,False,Aem2,39,0.4375,True,409.69230699016623,387.04070665035664,5.063653509762614,230.23915776511933,1.4210854715202004e-14,True
candidate_0543,Re7W3,Re W,10,15.463394852864905,screened,-0.7256820093166555,True,Amm2,38,1.0,False,Amm2,38,1.0,False,361.85897013711514,339.9573592398358,4.485621517217309,154.72494568461875,8.642046953851553e-06,True
candidate_0549,Re5Ir4W,Ir Re W,10,14.886370353562743,control,-0.6104570860347079,False,P4mm,99,1.0,False,P4/mmm,123,0.6,True,356.8466678745009,356.80004255115585,4.698996714706902,148.92302770966387,4.718421317743606e-05,True
candidate_0550,Ir9OsW5,Ir Os W,15,15.59831100291553,screened,-0.7670457971995124,True,Pmm2,25,1.0,False,Pmm2,25,1.0,False,318.48596366545456,306.90848237462944,5.126145777287916,234.03608889550736,0.00013802647106037164,True
candidate_0554,Re2(Os3W)3,Os Re W,14,15.57223609958275,screened,-0.7233104254658657,True,P1,1,1.0,False,Cm,8,1.0,False,351.39116953153643,311.43844925806513,4.6573629051722865,218.23632867430265,0.0005604951120281882,True
candidate_0560,IrOs15,Ir Os,16,14.401396555778062,priority,0.29859220925786734,False,Cm,8,0.75,False,P-3m1,164,0.375,True,453.68529843986425,393.0198674945052,4.956398079276248,230.5424401851966,7.063324977407629e-05,True
candidate_0563,IrOs,Ir Os,4,14.433371921601914,priority,1.039409273159444,False,P-6m2,187,0.5,True,P-6m2,187,0.5,True,404.5366638626629,374.5212168200512,5.083969239988349,57.755894878953306,5.86655333512488e-05,True
candidate_0565,IrOs2,Ir Os,12,14.422631310784771,priority,-0.4960590165144736,False,Cm,8,1.0,False,I4_1/amd,141,0.3333333333333333,True,406.77699087819866,378.1949457644703,5.0910737612100325,173.1612247760281,4.014291470097229e-05,True
candidate_0568,Ir5Os11,Ir Os,16,14.420726305322532,priority,0.6791160859857076,False,P-1,2,0.625,True,P-1,2,0.625,True,424.9168593128116,381.21187802171465,5.06631261330861,230.83741365968828,4.117140327066486e-05,True
candidate_0574,Os5Ru,Os Ru,6,14.2616046198341,priority,-0.47798311346107314,False,Cm,8,1.0,False,Cm,8,1.0,False,410.1146795396092,385.14794607136196,4.932443461925757,85.57371258701006,2.0446044558381602e-05,True
candidate_0583,IrOs2,Ir Os,6,14.405786369246227,priority,1.0640351549372196,False,C2/m,12,0.5,True,C2/m,12,0.5,True,416.22683375317837,381.86814768750787,5.030376889983787,86.46291014229064,4.9942776609863356e-05,True
candidate_0591,Ir3Os13,Ir Os,16,14.410663842410328,priority,0.8637378873472993,False,Amm2,38,0.5625,True,Amm2,38,0.5625,True,424.63709174538695,385.6434405284419,5.1617197476654235,230.5590011804612,0.000255594209759937,True
candidate_0594,Re2(IrOs2)3,Ir Os Re,11,15.33177125243307,screened,-0.6876469597602612,True,Cm,8,1.0,False,Imm2,44,1.0,False,360.8613018960714,334.2949455668681,5.219323505070526,168.68778468430367,0.00016428065341139538,True
candidate_0595,Re3W2,Re W,10,15.60681409362688,screened,-0.7766575251424206,True,Cm,8,1.0,False,Cm,8,1.0,False,325.2438222470385,321.0533591471331,4.764508863482514,156.0331237834006,1.802473357410003e-05,True
candidate_0603,IrOs2,Ir Os,12,14.424487971196031,priority,-0.4978772219088261,False,Imm2,44,1.0,False,I-4m2,119,0.6666666666666666,True,403.6537642292547,379.91362074623027,5.049409757599735,173.0945986001002,5.2119202450506304e-05,True
candidate_0619,Re2Ir7,Ir Re,18,14.60179825270371,control,-0.5649170808798281,False,P1,1,1.0,False,P1,1,1.0,False,364.937590272913,353.377362948074,5.1775653828151835,262.89160930785494,9.045651551092753e-05,True
candidate_0625,IrOs,Ir Os,6,14.448554959922733,priority,-0.5176184202460222,False,Cm,8,1.0,False,Cm,8,1.0,False,401.3407587876167,371.6738455386267,5.123175333597637,86.70741235525524,3.4862059199650064e-05,True
candidate_0629,Re2Ir2Os,Ir Os Re,5,14.692995829335072,control,-0.5745948058939147,False,Cm,8,1.0,False,P-3m1,164,0.6,True,376.49148594505454,361.71597833050413,5.092433166149191,73.45102454857135,4.535454820928317e-05,True
candidate_0631,ReOs,Os Re,4,14.6589356280464,control,1.0269051696632818,False,Pmmn,59,0.5,True,Pmmn,59,0.5,True,397.21601238360034,384.9839952333363,4.732463714316347,58.6814446026315,2.4524781236293184e-05,True
candidate_0632,Re2Ir2Os,Ir Os Re,10,15.3732641794338,screened,-0.759635916515615,True,Pm,6,1.0,False,Pmc2_1,26,0.5,True,313.1912267246808,337.3446953185718,4.948229138418397,153.76949777721615,3.3887951714416316e-05,True
candidate_0633,Re5Os11,Os Re,16,14.569941466761286,priority,0.23782573779282815,False,Cm,8,0.75,False,Amm2,38,0.5625,True,425.41897038564986,384.9281791732525,5.123680759606688,233.3480476169709,0.00026112442933048,True
candidate_0635,ReIr5,Ir Re,6,14.597471898025615,control,-0.5589247834116714,False,Cm,8,1.0,False,Cm,8,1.0,False,369.8085292891852,350.6239154827511,5.201601107129741,87.59786815776943,4.068308498816587e-05,True
candidate_0636,Os3W,Os W,16,14.782678748182606,priority,0.1984893959529537,False,Cm,8,0.75,False,P-6m2,187,0.375,True,405.1652661799253,372.55467779790155,4.737610861585157,236.64029829859257,2.733024461934376e-05,True
candidate_0639,Re2Os,Os Re,12,14.838433847206057,control,-0.5984483762159701,False,Imm2,44,1.0,False,I4_1/amd,141,0.25,True,388.9341282521252,376.1207316322972,4.718495071572614,178.09481797778108,2.809578345495256e-05,True
candidate_0641,Os7Ru,Os Ru,16,14.33113255763674,priority,1.0726209867541021,False,P2_1,4,0.5,True,Cmce,64,0.3125,True,424.2867577780877,384.8152756580587,4.946842993425295,229.34707869518124,2.7677239312066718e-05,True
candidate_0648,Os7W,Os W,16,14.595892880373512,priority,0.22710689750983196,False,Pm,6,0.75,False,P6_3/mmc,194,0.25,True,409.4264236231187,383.4843600590719,4.838511065191857,233.61934048716557,3.517630469575561e-05,True
candidate_0655,Os3W,Os W,12,14.873114246702492,control,-0.6082792789298163,False,Pm,6,1.0,False,Pm,6,1.0,False,373.74222818458196,357.3948928172683,5.0643947300756125,178.5479388244314,8.022622873580077e-05,True
candidate_0656,Re,Re,3,15.183848061814958,control,1.424148614466443,False,Im-3m,229,0.3333333333333333,True,Im-3m,229,0.3333333333333333,True,366.61113822047497,356.48065453750917,4.675531181051377,45.55891547126215,1.834864197380214e-07,True
candidate_0679,Re2Os3,Os Re,10,14.623924728540734,priority,-0.5527498515431837,False,Pm,6,1.0,False,Pm,6,1.0,False,400.57604424810165,384.30830730434445,4.849489629080422,146.31385682157207,3.5582525911474464e-05,True
candidate_0680,ReOs5,Os Re,12,14.447582778428858,priority,-0.5165936437560955,False,Pm,6,1.0,False,P2_1/m,11,0.5,True,406.3306418543264,396.14616326698206,4.8814926234051335,173.42888515592333,4.1761797248192054e-05,True
candidate_0682,IrOs15,Ir Os,16,14.410766387167005,priority,-0.5192342114020828,False,P1,1,1.0,False,P-6m2,187,0.375,True,419.96463057279897,388.61597846412184,5.382150866130487,230.57446158306195,0.00043655640063335055,True
candidate_0687,Ir5Os11,Ir Os,16,14.434815001796208,priority,-0.49137461081349876,False,P1,1,1.0,False,Cm,8,0.75,False,430.0516920116176,378.599155642741,5.167276019886843,230.96245295906556,7.2270870600578e-05,True
candidate_0691,Re3(IrW)2,Ir Re W,7,15.20016939814152,screened,-0.6848512613709719,True,P1,1,1.0,False,Cm,8,1.0,False,347.56271721574626,341.6647389197023,4.722602930921139,106.39275033754497,7.459731108975223e-05,True
candidate_0704,Re4Ir7,Ir Re,11,14.634743982666384,control,0.8519906085771699,False,P-1,2,0.5454545454545454,True,P-1,2,0.5454545454545454,True,363.31116858424633,360.46390192738573,5.069355287537842,161.0020555731291,0.00011629379525882625,True
candidate_0706,Re2Os5W3,Os Re W,20,15.091012267290779,screened,-0.6543868059452417,True,P1,1,1.0,False,P1,1,1.0,False,365.2207773369966,349.42695014535445,4.940285679438279,301.9205503360856,0.0003593414917880616,True
candidate_0709,Re9Os,Os Re,10,15.000446075932805,screened,-0.6759276400293289,True,P1,1,1.0,False,Cm,8,1.0,False,351.89298716054424,367.6787933858098,4.765596864699411,150.1043702678119,0.00038667920565015176,True
candidate_0713,IrOs8,Ir Os,9,14.411549873064606,priority,0.8896879494288886,False,C2/m,12,0.5555555555555556,True,C2/m,12,0.5555555555555556,True,404.1500511466153,387.5604825260995,5.004448413789494,129.78085531281926,1.91151209522056e-05,True
candidate_0714,IrOs3,Ir Os,16,14.415841800230814,priority,-0.5199036507024094,False,P1,1,1.0,False,P1,1,1.0,False,407.0598386762846,381.51820672053,5.164514948607753,230.7281835634276,0.00016183483410379813,True
candidate_0715,Ir5Os,Ir Os,18,15.445595909635756,screened,-0.7430144102587691,True,Pm,6,1.0,False,Pm,6,1.0,False,324.8360072238298,315.1269575339054,5.2343272211976455,278.0853842271991,9.667814834778494e-05,True
candidate_0716,Re5B2,B Re,7,12.823925128612107,control,-0.12875841370179864,False,P1,1,1.0,False,Cm,8,0.8571428571428571,False,370.53138701420517,324.009409889167,4.64615546546367,89.78772246862214,0.00010765155851287004,True
candidate_0719,Re5Os4,Os Re,18,15.156059170091964,screened,-0.6842002380496742,True,Pm,6,1.0,False,Pmm2,25,1.0,False,360.4829949402498,349.8077554994052,5.228864022481385,272.92791350302315,0.0005575937336515939,True
candidate_0721,Ir3Os7,Ir Os,10,14.428600010297696,priority,-0.4999211084752423,False,Cm,8,1.0,False,P4mm,99,1.0,False,401.29236015118266,378.7218438498752,5.069409765245149,144.34733796870754,2.9683323921761494e-05,True
candidate_0730,Os3W2,Os W,10,15.178512205611614,screened,-0.6664619650254573,True,P1,1,1.0,False,P1,1,1.0,False,363.5366861007763,341.86526869084764,4.881025216290531,151.8560097668945,0.00018683886833446064,True
candidate_0731,IrOs3,Ir Os,16,14.414935968746725,priority,1.0719149786770044,False,P-1,2,0.5,True,P-1,2,0.5,True,409.6537315912379,381.650961039808,5.072085266629257,230.77227949059915,0.00010014844283764088,True
candidate_0735,ReIr2Os5,Ir Os Re,8,14.435624678070477,priority,-0.5118408711778853,False,Pm,6,1.0,False,Amm2,38,0.75,False,416.21035759653876,385.21142806444266,5.027356560817582,115.54281586627634,3.750024733755774e-05,True
candidate_0736,IrOs3,Ir Os,12,14.37780123109451,priority,0.5395067148509108,False,Pmm2,25,0.6666666666666666,True,Pmm2,25,0.6666666666666666,True,415.82008284517804,388.4362515089813,5.009540053776396,172.59428274698578,2.4992796072019635e-05,True
candidate_0737,Os5W,Os W,12,14.714718058509385,priority,1.0251889261101532,False,Imma,74,0.5,True,Imma,74,0.5,True,414.95615560391366,364.99008080828304,5.2890654752657404,176.72474905229066,0.00026670836866035674,True
candidate_0744,Os13W2,Os W,15,15.26987036997837,screened,-0.7216996947647664,True,P1,1,1.0,False,Cm,8,0.7333333333333333,False,360.0618549430205,348.74314639049805,5.103256605582972,229.1554300986322,0.0002829483177605069,True
candidate_0750,Re2Os3,Os Re,10,14.591423639333874,control,0.9969591581388687,False,P2_1/m,11,0.5,True,P2_1/m,11,0.5,True,368.0135732018135,389.3128705753068,4.817886236065796,145.99246979959204,2.6849494116600243e-05,True
candidate_0751,Re4B4(IrOs)5,B Ir Os Re,18,12.923826409859565,control,-0.20911625335238837,False,Pm,6,1.0,False,Pm,6,1.0,False,358.38512870612095,241.84823545179322,30.19340738852955,232.10387166220403,0.026815451695976416,True
candidate_0752,Re4B,B Re,20,13.300064493271568,priority,-0.2721844811352866,False,P1,1,1.0,False,Cmce,64,0.25,True,403.77728590338876,354.8365762480397,4.622315019815362,266.17465532687714,0.00021815004493976392,True
candidate_0774,ReIr3,Ir Re,8,14.573590259506977,priority,1.8120148391647761,False,P6_3/mmc,194,0.25,True,P6_3/mmc,194,0.25,True,404.5977746233244,360.6188571780788,5.141129916958519,116.55216523878696,4.5823749593857036e-05,True
candidate_0775,Ir5Os7,Ir Os,12,14.435041296919033,control,-0.5061633194209088,False,Imm2,44,1.0,False,Imm2,44,1.0,False,396.0239282494798,374.13588989861535,5.102995961119984,173.25850572105392,8.328282978599089e-05,True
candidate_0782,IrOs,Ir Os,6,14.437869211246507,control,-0.5279782827046814,False,Amm2,38,1.0,False,Amm2,38,1.0,False,394.81649091161495,373.8424721754866,5.095566525511058,86.6431609556347,6.46699371771271e-06,True
candidate_0785,Re3Os4,Os Re,7,14.685697854150826,control,-0.5907228478830111,False,Cm,8,1.0,False,Cm,8,1.0,False,373.71516311331504,381.1020671256159,4.817972720854859,102.83295288626634,2.102011439871327e-05,True
candidate_0788,Ir8Os5,Ir Os,13,14.646490677114723,control,-0.5619188521476908,False,Cm,8,1.0,False,Imm2,44,1.0,False,373.4969239627637,347.9099215809843,5.45545849839208,190.3909252662164,0.00014225347077161771,True
candidate_0796,Ir4Os,Ir Os,5,14.492234087128338,control,0.7254109889501423,False,I4/mmm,139,0.6,True,I4/mmm,139,0.6,True,373.6266222599208,356.2709509099509,5.1873454605254645,72.46420344803606,4.041632334733741e-05,True
candidate_0801,Ir2Os7,Ir Os,9,14.423050780817634,priority,1.2454389808758966,False,C2/m,12,0.4444444444444444,True,Fmmm,69,0.4444444444444444,True,408.6764202943424,382.03453157892966,5.027128672464612,129.84044248571539,1.622841904408997e-05,True
candidate_0802,Ir3Os5,Ir Os,16,14.423586950316086,priority,0.27595973739147983,False,P-1,2,0.75,False,Cmcm,63,0.375,True,409.70798124996986,379.77247410826976,5.019035851088883,230.8392645644707,2.0097183471152322e-14,True
candidate_0803,Re(BOs2)2,B Os Re,7,12.041644318764941,control,-0.02482880337746385,False,Cm,8,1.0,False,Cm,8,1.0,False,366.93300061494483,371.6944645636402,4.7205235934652965,84.32480269040522,3.052840046055143e-05,True
candidate_0806,Ir4Os7,Ir Os,11,14.427443011055818,control,-0.5059632371810382,False,P1,1,1.0,False,P1,1,1.0,False,397.6302658923715,376.56389045223415,5.097067862521416,158.76353237683944,3.029158342173649e-05,True
candidate_0809,Os7Ru,Os Ru,16,14.326978757059589,priority,0.3206287701651346,False,Cm,8,0.75,False,P6_3/mmc,194,0.25,True,457.7658821146176,384.7453213242828,4.9377658123687285,229.31645260669066,1.3847264681605995e-05,True
candidate_0814,Ir7Os9,Ir Os,16,14.416383937965463,priority,-0.5017922055481195,False,Pm,6,1.0,False,Pm,6,1.0,False,420.8544680358122,377.744584724931,5.074194804080808,230.77279635597125,1.3932696830033098e-05,True
candidate_0817,Re2Ir3Os7,Ir Os Re,12,14.450690974520874,priority,-0.5203523022798532,False,Pm,6,1.0,False,Pm,6,1.0,False,408.67023611186113,386.7842527504452,4.946138411909875,173.48041322242412,1.687492522363183e-06,True
candidate_0819,Ir2OsW,Ir Os W,4,14.759543125798357,control,-0.5933427563741899,False,Pmm2,25,1.0,False,Pmm2,25,1.0,False,362.20497139266723,356.4687171656035,4.929280727336886,59.044497014789286,7.140127621789589e-06,True
candidate_0821,Re3Os13,Os Re,16,14.50289611937659,priority,0.2543025728127285,False,Cm,8,0.75,False,P-6m2,187,0.375,True,433.6169811580709,386.3755881840843,5.093952175133143,232.29790380578027,0.0005560946735481384,True
candidate_0824,IrOs3,Ir Os,16,14.413813431117383,priority,1.454226122165073,False,Cmc2_1,36,0.375,True,Cmc2_1,36,0.375,True,420.79627287293033,380.7398019598803,5.3342423252812585,230.71556087969364,0.0009098588483040106,True
candidate_0825,ReIr2W,Ir Re W,4,14.872939543436832,screened,-0.6378226740167241,True,Pmm2,25,1.0,False,Pmm2,25,1.0,False,343.5379605398997,353.98580058054284,4.834756224472428,59.510179468698304,9.577444681311538e-06,True
candidate_0832,Os5Ru,Os Ru,6,14.255927811322303,priority,-0.4800321926691026,False,Amm2,38,1.0,False,Amm2,38,1.0,False,408.57827918420344,385.2401054823611,4.9446363967409095,85.5611908636258,3.1298704142392015e-05,True
candidate_0834,ReOs3,Os Re,12,14.878697201024394,priority,-0.5720042860596031,False,Cm,8,1.0,False,P3m1,156,1.0,False,409.94217536906933,367.13694409541,4.95278844328956,178.56254975948764,5.223270695589912e-05,True
candidate_0838,ReIr3Os2,Ir Os Re,12,14.541018680894636,control,-0.5664423323748581,False,Pm,6,1.0,False,Pm,6,1.0,False,354.56874205600093,360.3996807564803,5.3464563967522,174.55363473139087,0.00016745929630758468,True
candidate_0841,Ir3Os4Ru,Ir Os Ru,16,14.348705470786497,control,-0.506645730369941,False,P1,1,1.0,False,P1,1,1.0,False,374.3035772829658,367.9795442290344,5.0161097798766505,229.65060968652182,0.0003063896433650216,True
candidate_0844,Re4IrOs5,Ir Os Re,10,14.667645667024763,priority,-0.5435796096785943,False,P4mm,99,1.0,False,P4mm,99,1.0,False,404.6429219249966,368.6583322399286,5.953664109006702,146.6757519876879,0.0009665391841591973,True
candidate_0845,IrOs5,Ir Os,12,14.366988615082471,priority,1.0596832630743755,False,P2_1/m,11,0.5,True,Pmmn,59,0.3333333333333333,True,412.0981662675833,392.6741549852302,4.975446409349896,172.47513659680592,8.175164639718865e-05,True
candidate_0848,Re2Ir2Os5Ru2,Ir Os Re Ru,11,14.420540256636052,control,-0.5148712367311656,False,Cm,8,1.0,False,Cm,8,1.0,False,375.4196301862051,363.2431691305371,5.0487310578928914,158.64754265492357,0.00010412431794680762,True
candidate_0851,ReIr2Os5,Ir Os Re,16,14.477234867677277,priority,-0.5293388265443003,False,P1,1,1.0,False,P-1,2,0.75,False,411.6031613376475,383.51746903061184,4.941705859072924,231.5531611911711,2.0586742987867024e-05,True
candidate_0852,ReIr4,Ir Re,15,15.201996461835723,screened,-0.7122638015010184,True,P1,1,1.0,False,Cm,8,0.7333333333333333,False,324.1911155545809,327.2864612034725,5.330763126923338,227.99211968008305,7.197446852596687e-05,True
candidate_0853,Re5Os11,Os Re,16,14.575459996926938,priority,-0.5562006693512132,False,P1,1,1.0,False,Amm2,38,0.5625,True,419.77553905909406,384.0283714773698,5.138956753295754,233.40937119133267,0.00028579795360271195,True
candidate_0858,Re4Os11,Os Re,15,15.274876518354663,screened,-0.7128711428390716,True,P1,1,1.0,False,P1,1,1.0,False,361.18315428070196,323.6323299259737,7.817204296188026,229.16987210911236,0.0033175020170158704,True
candidate_0859,Os11W3,Os W,14,15.451331686026593,screened,-0.706289540026949,True,P1,1,1.0,False,P1,1,1.0,False,366.85168761066274,329.3398453174836,4.927894739003311,216.40669169266982,0.00013591256415282393,True
candidate_0860,IrW,Ir W,2,15.16560381360514,screened,-0.6721934767793402,True,P4/mmm,123,1.0,False,P4/mmm,123,1.0,False,340.70337209278733,337.55921185366145,4.669217845754121,30.351189983495384,2.968845150155977e-06,True
candidate_0862,Re2Ir7,Ir Re,18,15.557584134402923,screened,-0.772116455504549,True,Pm,6,1.0,False,P4mm,99,0.7222222222222222,False,320.83688277697985,305.7114719427152,5.618842098749436,280.09870560661915,0.00030124888299348546,True
candidate_0864,Re4Os,Os Re,15,15.566253458878583,screened,-0.7718544651694711,True,P1,1,1.0,False,P1,1,1.0,False,326.9115014335644,338.3275834147176,4.844201596498536,233.66998887848973,7.799892211691152e-05,True
candidate_0872,IrOs6,Ir Os,7,14.413073613379206,control,0.8343510446341457,False,C2/m,12,0.5714285714285714,True,C2/m,12,0.5714285714285714,True,398.5173198175911,384.41975811507615,5.088336313211866,100.96484210592139,3.1866759509447525e-05,True
candidate_0879,Ir5Os3Ru,Ir Os Ru,18,14.638861401111894,screened,-0.6772323561429248,True,P1,1,1.0,False,P1,1,1.0,False,316.9990818768201,342.28387749986814,5.323065544989709,263.53477767930366,0.00014935841811184288,True
candidate_0883,Mo2Ir11Os2,Ir Mo Os,15,15.227294916925894,screened,-0.6861579223501363,True,Pmm2,25,1.0,False,Pmm2,25,1.0,False,329.58816957404565,307.13818592709333,5.458725259176878,228.35412429203893,0.00021681839766589966,True
candidate_0884,IrOs5,Ir Os,12,14.367675596793177,priority,1.0562514476255878,False,P2_1/m,11,0.5,True,P2_1/m,11,0.5,True,408.7077389314087,392.36821821895046,4.9959201608434585,172.47532205784862,4.588730742591141e-05,True
candidate_0885,Ir3Os5,Ir Os,16,14.428548609580229,priority,-0.4952894716092565,False,P1,1,1.0,False,Amm2,38,0.5625,True,424.1384508880332,376.0673655121768,5.2343621552914845,230.8924576049699,0.00014815514459373314,True
candidate_0895,Re11B3IrOs2C,B C Ir Os Re,18,12.99462133155965,priority,-0.18896564053536158,False,P1,1,1.0,False,Cm,8,1.0,False,401.9465600254628,354.7016283583437,4.847194204171856,233.9782657710872,0.0002326505696658549,True
candidate_0898,Re3Ir2,Ir Re,10,14.745848991529348,control,0.6649866174986295,False,C2/m,12,0.6,True,C2/m,12,0.6,True,364.03497880381684,366.58586115533365,4.843291730306145,147.5068117859622,3.9990760595599654e-05,True
candidate_0899,ReOs3,Os Re,12,14.556417090762068,priority,-0.5355908601725492,False,Pmm2,25,1.0,False,Pmm2,25,1.0,False,404.161513748667,365.3780146936086,7.8405893861859495,174.76729507835216,0.0036496018523451616,True
candidate_0902,Re3Ir9Os7,Ir Os Re,19,14.980242710998914,screened,-0.6483562898595567,True,Pm,6,1.0,False,Pm,6,1.0,False,365.04489974138335,351.36191967782685,5.074959317162784,284.73237552063796,6.933413191358571e-05,True
candidate_0908,Re2Os3,Os Re,5,14.670352662510705,priority,0.7054025069685602,False,C2/m,12,0.6,True,C2/m,12,0.6,True,408.382241713351,381.5607891347959,4.84365281280112,73.35706252037582,1.8316608938318908e-06,True
candidate_0926,Re3Os13,Os Re,16,14.502457222815666,priority,-0.5307101845828305,False,P1,1,1.0,False,Amm2,38,0.5625,True,428.0372498259663,374.2111032092568,5.708648802864564,232.45873376404927,0.002068736390107127,True
candidate_0927,Ir11Os4Ru,Ir Os Ru,16,14.446273979834181,priority,-0.5062376525527389,False,Pm,6,1.0,False,Pm,6,1.0,False,401.443920336989,357.85349713301116,5.152268856543276,231.2290969616143,3.0040186028430613e-05,True
candidate_0928,Ir3W2,Ir W,10,15.04548900337959,screened,-0.6501073884196715,True,P4mm,99,1.0,False,P4/mmm,123,0.6,True,335.29725326719915,337.2207233306973,4.900116980798156,150.5549875700044,4.0403556904206926e-05,True
candidate_0937,Ir3Os13,Ir Os,16,14.412213221783123,priority,0.6746291534844585,False,Pmm2,25,0.625,True,Pmmm,47,0.5625,True,406.0339324474145,385.9645216974656,4.9843232303294345,230.68410733053744,6.669856152858165e-05,True
candidate_0939,Re2Ir5Os7Ru2,Ir Os Re Ru,16,14.378582943791177,priority,-0.4909360647571053,False,Pm,6,1.0,False,Pm,6,1.0,False,407.2012966851964,370.15211027973345,5.019494430400056,230.25761991261052,7.540587993805832e-05,True
candidate_0941,Ir11Os9,Ir Os,20,14.449437817473193,priority,-0.5088437918975932,False,P1,1,1.0,False,Pm,6,1.0,False,412.8626273987471,371.4774536149572,5.09329809918192,289.03115103188736,3.1047782331140526e-05,True
candidate_0944,Os11W3,Os W,14,15.491555133266104,screened,-0.6917987974308482,True,P1,1,1.0,False,P1,1,1.0,False,366.6852407650778,330.4417325719409,4.973174253010838,216.96380969954058,0.000161286523156216,True
candidate_0946,Os,Os,5,14.39766388068901,priority,-0.49654121310008914,False,P3m1,156,1.0,False,P-3m1,164,0.6,True,442.0316305319712,395.2297379453949,4.992453522550978,72.01482005568408,3.30304141641135e-05,True
candidate_0951,Re4N,N Re,10,13.234156789292749,priority,-0.22571113991085323,False,P1,1,1.0,False,Fdd2,43,0.3,True,406.9437265379691,363.10059868752904,4.771181315174852,132.4016297128332,5.4899464551238654e-05,True
candidate_0954,Os7W3,Os W,10,14.973721922146106,screened,-0.6469414842948091,True,Pm,6,1.0,False,Pm,6,1.0,False,356.9435701956783,356.10287163699877,4.8040961714993555,149.7548313046448,2.4197508286931383e-05,True
candidate_0959,ReIrOs,Ir Os Re,6,14.587178768978838,control,-0.5471684423498413,False,Amm2,38,1.0,False,Amm2,38,1.0,False,390.3526325801136,373.0244223233489,4.955550722984786,87.53637649930808,1.3926255357938052e-05,True
candidate_0961,Os9W,Os W,10,14.523573039173408,control,-0.5542698409960802,False,Pm,6,1.0,False,Amm2,38,0.6,True,376.0086065553739,387.96504962876134,4.874689125282812,145.30387808830102,2.025880466616396e-05,True
candidate_0970,Ir5Os9,Ir Os,14,14.404794412480442,priority,-0.5121832681289554,False,P1,1,1.0,False,P1,1,1.0,False,406.0738038493062,381.7516951202366,5.049152207663049,201.7209997445358,3.673175874153507e-05,True
candidate_0979,IrOs3,Ir Os,12,14.418103957894628,priority,-0.4919048127913187,False,Imm2,44,1.0,False,Immm,71,0.5833333333333334,True,410.92311853282564,383.1557440337713,5.003454288556821,173.06921784089604,6.117676177737599e-05,True
candidate_0980,Re2IrOs6,Ir Os Re,18,14.638514806036248,screened,-0.721460924953197,True,P1,1,1.0,False,P1,1,1.0,False,346.63657128017513,418.5455537699494,8.897275633067231,262.4158012589844,0.004462714020196397,True
candidate_0982,IrOs,Ir Os,8,14.451585628744365,priority,-0.5085589605122963,False,Pmm2,25,1.0,False,Pmmn,59,0.5,True,407.688148402518,371.68671132193055,5.159093985258537,115.59899922328798,8.112224621160843e-05,True
candidate_0990,Re2Os5W3,Os Re W,10,15.090104211122773,screened,-0.6745276650292003,True,Cm,8,1.0,False,Cm,8,1.0,False,352.2977511444656,354.1104494837777,4.6981197769676255,150.95918546422945,8.732866096160172e-06,True
candidate_0995,Re7Os3,Os Re,10,14.869300741698996,screened,-0.6381215026456141,True,Cm,8,1.0,False,Cm,8,1.0,False,360.49798358497105,373.4602698501621,4.787103438482743,148.7591716001947,2.3119964189759314e-05,True
candidate_1000,Ir5Os7,Ir Os,12,14.409729045602377,control,-0.5238092479187815,False,Pm,6,1.0,False,Pm,6,1.0,False,395.25786972965744,378.8198584593977,5.052651144736717,173.0279978143833,0.00012321354824106377,True
candidate_1005,ReOs2,Os Re,12,14.572783075362002,priority,0.2407169863194917,False,Cm,8,0.75,False,Cm,8,0.75,False,420.8120708972712,387.22420255288864,4.8670586980723245,174.9145058766765,5.60862516648347e-05,True
candidate_1010,Os,Os,16,14.405258441810375,priority,-0.5024216535900318,False,P1,1,1.0,False,Pnma,62,0.125,True,442.0475869326971,381.99709247069075,6.815177342360355,230.46509078267178,0.0032463389569601805,True
candidate_1015,Re4Ir7,Ir Re,11,14.66103272183413,control,-0.5631516816136056,False,P1,1,1.0,False,P1,1,1.0,False,369.4685773417276,353.9000660375623,5.238141304908648,161.246449480387,0.00011149012323092768,True
candidate_1016,Re4C,C Re,10,13.25482122517117,priority,-0.2450319560512363,False,P1,1,1.0,False,Fdd2,43,0.3,True,403.56685772671386,369.9878304383979,4.600071857666885,132.59837727137725,2.360951735516467e-06,True
candidate_1019,IrOs3,Ir Os,16,14.407536404677488,priority,0.8555934339506847,False,C2/m,12,0.5625,True,C2/m,12,0.5625,True,408.06060117696853,385.57525232723196,4.989063560070823,230.6053989835423,3.605186348398268e-05,True
candidate_1020,IrOs7,Ir Os,16,14.40772185736841,priority,0.3085504887302052,False,Cm,8,0.75,False,Cmcm,63,0.3125,True,464.09856397080785,383.1837332874782,5.451543216016934,230.63068382299858,0.000478254415494608,True
candidate_1023,IrOs5,Ir Os,18,14.41064922531482,priority,0.8981336094290472,False,P-1,2,0.5555555555555556,True,P-1,2,0.5555555555555556,True,438.292385380694,385.5727845346015,5.102111392607084,259.4715431548096,8.821217868389526e-05,True
candidate_1025,Os3Ru,Os Ru,12,14.201587022904638,priority,-0.46574334690238706,False,Pm,6,1.0,False,Pm,6,1.0,False,407.6358820966886,378.28469215600774,4.9300099751824,170.4727991626968,6.249871493010184e-06,True
candidate_1029,Os3Ru,Os Ru,16,14.256605774740855,priority,0.7101814071850977,False,P-1,2,0.625,True,P2_1/m,11,0.4375,True,429.11599315693496,373.54124406511244,4.954979750759392,228.13665445582947,4.3812417565269966e-05,True
candidate_1031,Os2W3,Os W,10,15.686419298489785,screened,-0.757170974847258,True,P1,1,1.0,False,Cc,9,0.5,True,338.1593809250562,315.5793105802331,4.660173007218338,156.88083801831078,1.9190160789958334e-05,True
candidate_1033,Os2W13,Os W,15,15.973324717933899,control,0.6102842221004653,False,P-1,2,0.5333333333333333,True,P-1,2,0.5333333333333333,True,298.858601694658,309.0311674874046,4.434540022395036,239.59550311226621,1.962080272250043e-05,True
candidate_1034,Ir7Os5,Ir Os,12,14.458461683573505,priority,-0.5206233520000773,False,Pm,6,1.0,False,Pm,6,1.0,False,405.3414176904332,369.3212938473155,5.125908758591763,173.51185392887186,7.550523943659092e-05,True
candidate_1035,Re3Ir5,Ir Re,8,14.639996364079153,control,-0.5612152464870305,False,Imm2,44,1.0,False,Immm,71,0.625,True,367.67888351631393,360.5143364722717,4.996900820901962,117.10983367308414,8.443991468241329e-06,True
candidate_1048,Ir5Ru,Ir Ru,18,15.358617260649595,screened,-0.7358405066272429,True,Pmm2,25,1.0,False,Pmm2,25,1.0,False,313.8299939494729,296.1753919840825,5.319714156211759,276.4943503776617,0.00011672345158713447,True
candidate_1050,ReOs3,Os Re,16,14.54246597931703,priority,0.22255882408694952,False,Cm,8,0.75,False,Cm,8,0.75,False,407.2320556976568,382.5485667633277,5.440615560370101,232.86175578090933,0.00022596520698674858,True
candidate_1053,Re3Os2,Os Re,10,14.789534778363244,control,-0.5932512872195881,False,Cm,8,1.0,False,C2/m,12,0.6,True,387.10497947523936,378.0521619585537,4.740085138610068,147.95910501993774,5.571665520006857e-06,True
candidate_1064,ReOs5,Os Re,12,14.506375906017611,priority,0.26015143484709946,False,I4mm,107,0.75,False,I4/mmm,139,0.4166666666666667,True,405.49061232454693,389.0107046628738,4.862611818620309,174.15912580482527,0.00012113380916099695,True
candidate_1078,Re3Os2,Os Re,15,15.414727009803865,screened,-0.7484987047823222,True,P1,1,1.0,False,P1,1,1.0,False,337.47440634378603,312.958065612511,3.4004349283398234,231.40137910209273,0.0029279058905748805,True
