candidate_id,role,generated_input_n_atoms,generated_input_spacegroup_symbol,generated_input_spacegroup_number,generated_input_n_inequivalent,generated_input_site_fraction,generated_input_law7,generated_primitive_n_atoms,generated_primitive_spacegroup_symbol,generated_primitive_spacegroup_number,generated_primitive_n_inequivalent,generated_primitive_site_fraction,generated_primitive_law7,relaxed_input_n_atoms,relaxed_input_spacegroup_symbol,relaxed_input_spacegroup_number,relaxed_input_n_inequivalent,relaxed_input_site_fraction,relaxed_input_law7,relaxed_primitive_n_atoms,relaxed_primitive_spacegroup_symbol,relaxed_primitive_spacegroup_number,relaxed_primitive_n_inequivalent,relaxed_primitive_site_fraction,relaxed_primitive_law7
candidate_0000,control,12,P1,1,12,1.0,False,12,P1,1,12,1.0,False,12,Cm,8,12,1.0,False,12,Cm,8,12,1.0,False
candidate_0004,control,4,Cmmm,65,3,0.75,False,4,Cmmm,65,3,0.75,False,4,Cmmm,65,3,0.75,False,4,Cmmm,65,3,0.75,False
candidate_0006,priority,16,Cm,8,12,0.75,False,16,Cm,8,12,0.75,False,16,C2/m,12,9,0.5625,True,16,C2/m,12,9,0.5625,True
candidate_0009,screened,18,P1,1,18,1.0,False,18,P1,1,18,1.0,False,18,P1,1,18,1.0,False,18,P1,1,18,1.0,False
candidate_0011,screened,14,P1,1,14,1.0,False,14,P1,1,14,1.0,False,14,P1,1,14,1.0,False,14,P1,1,14,1.0,False
candidate_0013,priority,6,Cm,8,6,1.0,False,6,Cm,8,6,1.0,False,6,Cm,8,6,1.0,False,6,Cm,8,6,1.0,False
candidate_0015,priority,9,I4/mmm,139,3,0.3333333333333333,True,9,I4/mmm,139,3,0.3333333333333333,True,9,I4/mmm,139,3,0.3333333333333333,True,9,I4/mmm,139,3,0.3333333333333333,True
candidate_0017,priority,4,P6_3/mmc,194,1,0.25,True,2,P6_3/mmc,194,1,0.5,True,4,P6_3/mmc,194,1,0.25,True,2,P6_3/mmc,194,1,0.5,True
candidate_0023,control,18,P1,1,18,1.0,False,18,P1,1,18,1.0,False,18,P1,1,18,1.0,False,18,P1,1,18,1.0,False
candidate_0025,control,18,P1,1,18,1.0,False,18,P1,1,18,1.0,False,18,P1,1,18,1.0,False,18,P1,1,18,1.0,False
candidate_0034,priority,8,Pmmn,59,3,0.375,True,8,Pmmn,59,3,0.375,True,8,Pmmn,59,3,0.375,True,8,Pmmn,59,3,0.375,True
candidate_0037,priority,8,Pmm2,25,8,1.0,False,8,Pmm2,25,8,1.0,False,8,Pmm2,25,8,1.0,False,8,Pmm2,25,8,1.0,False
candidate_0051,priority,6,Amm2,38,6,1.0,False,6,Amm2,38,6,1.0,False,6,Amm2,38,6,1.0,False,6,Amm2,38,6,1.0,False
candidate_0052,priority,4,Pmm2,25,4,1.0,False,4,Pmm2,25,4,1.0,False,4,Pmm2,25,4,1.0,False,4,Pmm2,25,4,1.0,False
candidate_0063,priority,16,Cm,8,12,0.75,False,16,Cmc2_1,36,6,0.375,True,16,Cmce,64,5,0.3125,True,16,Cmce,64,5,0.3125,True
candidate_0065,priority,12,Pm,6,12,1.0,False,12,Pm,6,12,1.0,False,12,Pm,6,12,1.0,False,12,Pm,6,12,1.0,False
candidate_0066,control,12,Imm2,44,12,1.0,False,12,Imm2,44,12,1.0,False,12,Imm2,44,12,1.0,False,12,Imm2,44,12,1.0,False
candidate_0073,priority,12,Pm,6,12,1.0,False,12,Pm,6,12,1.0,False,12,Pm,6,12,1.0,False,12,Pm,6,12,1.0,False
candidate_0074,priority,12,P1,1,12,1.0,False,12,P1,1,12,1.0,False,12,P1,1,12,1.0,False,12,P1,1,12,1.0,False
candidate_0077,priority,12,P1,1,12,1.0,False,12,P1,1,12,1.0,False,12,I4_1/amd,141,3,0.25,True,12,I4_1/amd,141,3,0.25,True
candidate_0084,control,4,Pmm2,25,4,1.0,False,4,Pmm2,25,4,1.0,False,4,Pmm2,25,4,1.0,False,4,Pmm2,25,4,1.0,False
candidate_0086,priority,6,Cmcm,63,3,0.5,True,6,Cmcm,63,3,0.5,True,6,Cmcm,63,3,0.5,True,6,Cmcm,63,3,0.5,True
candidate_0096,priority,12,Pmn2_1,31,6,0.5,True,12,Pmn2_1,31,6,0.5,True,12,Pmn2_1,31,6,0.5,True,12,Pmn2_1,31,6,0.5,True
candidate_0097,priority,4,C2,5,4,1.0,False,4,C2,5,4,1.0,False,4,I-4m2,119,4,1.0,False,4,I-4m2,119,4,1.0,False
candidate_0100,priority,4,Pmma,51,2,0.5,True,4,Pmma,51,2,0.5,True,4,Pmma,51,2,0.5,True,4,Pmma,51,2,0.5,True
candidate_0107,screened,10,P1,1,10,1.0,False,10,P1,1,10,1.0,False,10,P1,1,10,1.0,False,10,P1,1,10,1.0,False
candidate_0118,priority,4,Pmm2,25,4,1.0,False,4,Pmm2,25,4,1.0,False,4,Pmm2,25,4,1.0,False,4,Pmm2,25,4,1.0,False
candidate_0124,screened,15,P1,1,15,1.0,False,15,P1,1,15,1.0,False,15,P1,1,15,1.0,False,15,P1,1,15,1.0,False
candidate_0130,priority,12,Pnma,62,3,0.25,True,12,Pnma,62,3,0.25,True,12,Pnma,62,3,0.25,True,12,Pnma,62,3,0.25,True
candidate_0131,priority,6,P-62m,189,3,0.5,True,6,P-62m,189,3,0.5,True,6,P-62m,189,3,0.5,True,6,P-62m,189,3,0.5,True
candidate_0132,priority,10,P1,1,10,1.0,False,10,P1,1,10,1.0,False,10,C2,5,6,0.6,True,10,C2,5,6,0.6,True
candidate_0134,priority,16,C2,5,10,0.625,True,16,C2,5,10,0.625,True,16,C2/m,12,9,0.5625,True,16,C2/m,12,9,0.5625,True
candidate_0140,control,12,P2_1/m,11,6,0.5,True,12,P2_1/m,11,6,0.5,True,12,P2_1/m,11,6,0.5,True,12,P2_1/m,11,6,0.5,True
candidate_0142,priority,16,Cm,8,12,0.75,False,16,Cm,8,12,0.75,False,16,Cmc2_1,36,6,0.375,True,16,Cmc2_1,36,6,0.375,True
candidate_0143,priority,8,Pmma,51,4,0.5,True,8,Pmma,51,4,0.5,True,8,Pmma,51,4,0.5,True,8,Pmma,51,4,0.5,True
candidate_0151,priority,8,Pmmn,59,3,0.375,True,8,Pmmn,59,3,0.375,True,8,Pmmn,59,3,0.375,True,8,Pmmn,59,3,0.375,True
candidate_0153,screened,16,P1,1,16,1.0,False,16,P1,1,16,1.0,False,16,P1,1,16,1.0,False,16,P1,1,16,1.0,False
candidate_0155,priority,12,Pm,6,12,1.0,False,12,Pm,6,12,1.0,False,12,Pmmn,59,4,0.3333333333333333,True,12,Pmmn,59,4,0.3333333333333333,True
candidate_0157,screened,10,P1,1,10,1.0,False,10,P1,1,10,1.0,False,10,Cc,9,5,0.5,True,10,Cc,9,5,0.5,True
candidate_0164,control,12,P2_1/m,11,6,0.5,True,12,P2_1/m,11,6,0.5,True,12,P2_1/m,11,6,0.5,True,12,P2_1/m,11,6,0.5,True
candidate_0169,screened,11,P1,1,11,1.0,False,11,P1,1,11,1.0,False,11,Cm,8,11,1.0,False,11,Cm,8,11,1.0,False
candidate_0170,control,8,Pm,6,8,1.0,False,8,Pm,6,8,1.0,False,8,Pm,6,8,1.0,False,8,Pm,6,8,1.0,False
candidate_0171,priority,8,Pmm2,25,8,1.0,False,8,Pmm2,25,8,1.0,False,8,Pmm2,25,8,1.0,False,8,Pmm2,25,8,1.0,False
candidate_0174,priority,10,P1,1,10,1.0,False,10,P1,1,10,1.0,False,10,P1,1,10,1.0,False,10,P1,1,10,1.0,False
candidate_0175,priority,16,P1,1,16,1.0,False,16,P1,1,16,1.0,False,16,P6_3/mmc,194,4,0.25,True,16,P6_3/mmc,194,4,0.25,True
candidate_0177,priority,4,P-6m2,187,3,0.75,False,4,P-6m2,187,3,0.75,False,4,P-6m2,187,3,0.75,False,4,P-6m2,187,3,0.75,False
candidate_0184,control,10,Amm2,38,10,1.0,False,10,Amm2,38,10,1.0,False,10,P2_1/m,11,5,0.5,True,10,P2_1/m,11,5,0.5,True
candidate_0194,priority,12,Pm,6,12,1.0,False,12,Pm,6,12,1.0,False,12,Pmm2,25,12,1.0,False,12,Pmm2,25,12,1.0,False
candidate_0195,screened,10,P1,1,10,1.0,False,10,P1,1,10,1.0,False,10,Imm2,44,5,0.5,True,5,Imm2,44,5,1.0,False
candidate_0196,priority,12,Imm2,44,12,1.0,False,12,Imm2,44,12,1.0,False,12,I-4m2,119,8,0.6666666666666666,True,12,I-4m2,119,8,0.6666666666666666,True
candidate_0200,priority,10,P1,1,10,1.0,False,10,P1,1,10,1.0,False,10,P4/mmm,123,6,0.6,True,10,P4/mmm,123,6,0.6,True
candidate_0215,control,10,C2,5,10,1.0,False,10,C2,5,10,1.0,False,10,C2,5,10,1.0,False,10,C2,5,10,1.0,False
candidate_0221,priority,3,R-3m,166,2,0.6666666666666666,True,3,R-3m,166,2,0.6666666666666666,True,3,R-3m,166,2,0.6666666666666666,True,3,R-3m,166,2,0.6666666666666666,True
candidate_0224,screened,10,P1,1,10,1.0,False,10,P1,1,10,1.0,False,10,C2,5,6,0.6,True,10,C2,5,6,0.6,True
candidate_0227,screened,11,Imm2,44,11,1.0,False,11,Imm2,44,11,1.0,False,11,Imm2,44,11,1.0,False,11,Imm2,44,11,1.0,False
candidate_0230,priority,16,P3m1,156,8,0.5,True,16,P3m1,156,8,0.5,True,16,P3m1,156,8,0.5,True,16,P3m1,156,8,0.5,True
candidate_0236,priority,6,Amm2,38,6,1.0,False,6,Amm2,38,6,1.0,False,6,Amm2,38,6,1.0,False,6,Amm2,38,6,1.0,False
candidate_0241,priority,12,Imm2,44,12,1.0,False,12,Imm2,44,12,1.0,False,12,Immm,71,7,0.5833333333333334,True,12,Immm,71,7,0.5833333333333334,True
candidate_0244,screened,10,P1,1,10,1.0,False,10,P1,1,10,1.0,False,10,P1,1,10,1.0,False,10,P1,1,10,1.0,False
candidate_0249,priority,8,P-6m2,187,4,0.5,True,8,P-6m2,187,4,0.5,True,8,P-6m2,187,4,0.5,True,8,P-6m2,187,4,0.5,True
candidate_0253,priority,14,P1,1,14,1.0,False,14,P1,1,14,1.0,False,14,P1,1,14,1.0,False,14,P1,1,14,1.0,False
candidate_0261,priority,12,Imm2,44,12,1.0,False,12,Imm2,44,12,1.0,False,12,Imm2,44,12,1.0,False,12,Imm2,44,12,1.0,False
candidate_0264,screened,7,Pm,6,7,1.0,False,7,Pm,6,7,1.0,False,7,Pm,6,7,1.0,False,7,Pm,6,7,1.0,False
candidate_0269,control,10,Pm,6,10,1.0,False,10,Pm,6,10,1.0,False,10,Amm2,38,7,0.7,False,10,Amm2,38,7,0.7,False
candidate_0273,priority,12,Imm2,44,12,1.0,False,12,Imm2,44,12,1.0,False,12,Imm2,44,12,1.0,False,12,Imm2,44,12,1.0,False
candidate_0284,screened,11,Cm,8,11,1.0,False,11,Cm,8,11,1.0,False,11,Cm,8,11,1.0,False,11,Cm,8,11,1.0,False
candidate_0292,screened,10,P1,1,10,1.0,False,10,P1,1,10,1.0,False,10,P-1,2,5,0.5,True,10,P-1,2,5,0.5,True
candidate_0294,screened,15,Pmm2,25,15,1.0,False,15,Pmm2,25,15,1.0,False,15,Pmm2,25,15,1.0,False,15,Pmm2,25,15,1.0,False
candidate_0299,priority,12,Pm,6,12,1.0,False,12,Pm,6,12,1.0,False,12,Pm,6,12,1.0,False,12,Pm,6,12,1.0,False
candidate_0300,control,8,Pmma,51,4,0.5,True,8,Pmma,51,4,0.5,True,8,Pmma,51,4,0.5,True,8,Pmma,51,4,0.5,True
candidate_0301,priority,6,Amm2,38,6,1.0,False,6,Amm2,38,6,1.0,False,6,Amm2,38,6,1.0,False,6,Amm2,38,6,1.0,False
candidate_0305,screened,19,Pm,6,19,1.0,False,19,Pm,6,19,1.0,False,19,Pm,6,19,1.0,False,19,Pm,6,19,1.0,False
candidate_0311,screened,10,Cm,8,10,1.0,False,10,Cm,8,10,1.0,False,10,Cm,8,10,1.0,False,10,Cm,8,10,1.0,False
candidate_0312,priority,5,I4/mmm,139,3,0.6,True,5,I4/mmm,139,3,0.6,True,5,I4/mmm,139,3,0.6,True,5,I4/mmm,139,3,0.6,True
candidate_0313,priority,16,Cm,8,12,0.75,False,16,Cm,8,12,0.75,False,16,Cm,8,12,0.75,False,16,Cm,8,12,0.75,False
candidate_0320,screened,15,Pmm2,25,15,1.0,False,15,Pmm2,25,15,1.0,False,15,Pmm2,25,15,1.0,False,15,Pmm2,25,15,1.0,False
candidate_0330,priority,4,I4/mmm,139,3,0.75,False,4,I4/mmm,139,3,0.75,False,4,I4/mmm,139,3,0.75,False,4,I4/mmm,139,3,0.75,False
candidate_0331,priority,16,Cm,8,12,0.75,False,16,Cm,8,12,0.75,False,16,Amm2,38,9,0.5625,True,16,Amm2,38,9,0.5625,True
candidate_0332,control,5,I4/mmm,139,3,0.6,True,5,I4/mmm,139,3,0.6,True,5,I4/mmm,139,3,0.6,True,5,I4/mmm,139,3,0.6,True
candidate_0336,screened,18,P1,1,18,1.0,False,18,P1,1,18,1.0,False,18,P1,1,18,1.0,False,18,P1,1,18,1.0,False
candidate_0339,priority,4,Imm2,44,3,0.75,False,4,Imm2,44,3,0.75,False,4,Imm2,44,3,0.75,False,4,Imm2,44,3,0.75,False
candidate_0342,priority,4,Pmm2,25,4,1.0,False,4,Pmm2,25,4,1.0,False,4,Pmm2,25,4,1.0,False,4,Pmm2,25,4,1.0,False
candidate_0343,priority,12,Pmn2_1,31,6,0.5,True,12,Pmmn,59,4,0.3333333333333333,True,12,Pmmn,59,4,0.3333333333333333,True,12,Pmmn,59,4,0.3333333333333333,True
candidate_0355,priority,12,P2_1/m,11,6,0.5,True,12,P2_1/m,11,6,0.5,True,12,Pnma,62,3,0.25,True,12,Pnma,62,3,0.25,True
candidate_0357,control,20,Pm,6,20,1.0,False,20,Pm,6,20,1.0,False,20,Pm,6,20,1.0,False,20,Pm,6,20,1.0,False
candidate_0367,priority,16,C2/m,12,9,0.5625,True,16,C2/m,12,9,0.5625,True,16,C2/m,12,9,0.5625,True,16,C2/m,12,9,0.5625,True
candidate_0369,control,8,Imma,74,4,0.5,True,8,Imma,74,4,0.5,True,8,Imma,74,4,0.5,True,8,Imma,74,4,0.5,True
candidate_0370,priority,16,P3m1,156,8,0.5,True,16,P3m1,156,8,0.5,True,16,P-6m2,187,6,0.375,True,16,P-6m2,187,6,0.375,True
candidate_0374,priority,12,Imm2,44,12,1.0,False,12,Imm2,44,12,1.0,False,12,Imm2,44,12,1.0,False,12,Imm2,44,12,1.0,False
candidate_0376,priority,12,P1,1,12,1.0,False,12,P1,1,12,1.0,False,12,P1,1,12,1.0,False,12,P1,1,12,1.0,False
candidate_0377,priority,6,Cmcm,63,2,0.3333333333333333,True,6,Cmcm,63,2,0.3333333333333333,True,6,Cmcm,63,2,0.3333333333333333,True,6,Cmcm,63,2,0.3333333333333333,True
candidate_0383,screened,10,Cm,8,10,1.0,False,10,Cm,8,10,1.0,False,10,Cm,8,10,1.0,False,10,Cm,8,10,1.0,False
candidate_0388,priority,10,Pm,6,10,1.0,False,10,Pm,6,10,1.0,False,10,Pm,6,10,1.0,False,10,Pm,6,10,1.0,False
candidate_0393,control,15,P-3m1,164,5,0.3333333333333333,True,15,P-3m1,164,5,0.3333333333333333,True,15,P-3m1,164,5,0.3333333333333333,True,15,P-3m1,164,5,0.3333333333333333,True
candidate_0396,priority,6,P-62m,189,3,0.5,True,6,P-62m,189,3,0.5,True,6,P-62m,189,3,0.5,True,6,P-62m,189,3,0.5,True
candidate_0397,priority,16,C2/m,12,7,0.4375,True,16,C2/m,12,7,0.4375,True,16,Cmcm,63,5,0.3125,True,16,Cmcm,63,5,0.3125,True
candidate_0399,priority,6,P-62m,189,3,0.5,True,6,P-62m,189,3,0.5,True,6,P-62m,189,3,0.5,True,6,P-62m,189,3,0.5,True
candidate_0400,screened,18,Pm,6,18,1.0,False,18,Pm,6,18,1.0,False,18,P1,1,18,1.0,False,18,P1,1,18,1.0,False
candidate_0403,priority,16,P1,1,16,1.0,False,16,P1,1,16,1.0,False,16,Cm,8,12,0.75,False,16,Cm,8,12,0.75,False
candidate_0404,priority,12,Pmm2,25,12,1.0,False,12,Pmm2,25,12,1.0,False,12,Pmm2,25,12,1.0,False,12,Pmm2,25,12,1.0,False
candidate_0407,priority,12,P1,1,12,1.0,False,12,P1,1,12,1.0,False,12,Cm,8,12,1.0,False,12,Cm,8,12,1.0,False
candidate_0411,priority,12,Imm2,44,12,1.0,False,12,Imma,74,6,0.5,True,12,Imma,74,6,0.5,True,12,Imma,74,6,0.5,True
candidate_0412,priority,4,P-3m1,164,3,0.75,False,4,P-3m1,164,3,0.75,False,4,P-3m1,164,3,0.75,False,4,P-3m1,164,3,0.75,False
candidate_0413,priority,14,P-1,2,7,0.5,True,14,P-1,2,7,0.5,True,14,P-1,2,7,0.5,True,14,P-1,2,7,0.5,True
candidate_0414,priority,16,P1,1,16,1.0,False,16,P1,1,16,1.0,False,16,P1,1,16,1.0,False,16,P1,1,16,1.0,False
candidate_0416,priority,12,Pm,6,12,1.0,False,12,Pm,6,12,1.0,False,12,Pm,6,12,1.0,False,12,Pm,6,12,1.0,False
candidate_0433,screened,19,Pm,6,19,1.0,False,19,Pm,6,19,1.0,False,19,Pm,6,19,1.0,False,19,Pm,6,19,1.0,False
candidate_0435,screened,11,Cm,8,11,1.0,False,11,Cm,8,11,1.0,False,11,Cm,8,11,1.0,False,11,Cm,8,11,1.0,False
candidate_0440,control,12,P1,1,12,1.0,False,12,P1,1,12,1.0,False,12,Cc,9,6,0.5,True,12,Cc,9,6,0.5,True
candidate_0446,control,3,R-3m,166,2,0.6666666666666666,True,3,R-3m,166,2,0.6666666666666666,True,3,R-3m,166,2,0.6666666666666666,True,3,R-3m,166,2,0.6666666666666666,True
candidate_0451,screened,15,P1,1,15,1.0,False,15,P1,1,15,1.0,False,15,P1,1,15,1.0,False,15,P1,1,15,1.0,False
candidate_0460,control,11,P1,1,11,1.0,False,11,P1,1,11,1.0,False,11,P-1,2,6,0.5454545454545454,True,11,P-1,2,6,0.5454545454545454,True
candidate_0473,control,14,Cm,8,14,1.0,False,14,Cm,8,14,1.0,False,14,P1,1,14,1.0,False,14,P1,1,14,1.0,False
candidate_0477,priority,18,Pm,6,18,1.0,False,18,Pm,6,18,1.0,False,18,Pm,6,18,1.0,False,18,Pm,6,18,1.0,False
candidate_0479,control,16,P1,1,16,1.0,False,16,P1,1,16,1.0,False,16,Cm,8,12,0.75,False,16,Cm,8,12,0.75,False
candidate_0482,control,12,P1,1,12,1.0,False,12,P1,1,12,1.0,False,12,Pm,6,12,1.0,False,12,Pm,6,12,1.0,False
candidate_0484,screened,13,Cm,8,13,1.0,False,13,Cm,8,13,1.0,False,13,Imm2,44,13,1.0,False,13,Imm2,44,13,1.0,False
candidate_0486,screened,11,Imm2,44,11,1.0,False,11,Imm2,44,11,1.0,False,11,Imm2,44,11,1.0,False,11,Imm2,44,11,1.0,False
candidate_0489,priority,16,P1,1,16,1.0,False,16,P1,1,16,1.0,False,16,Pm,6,12,0.75,False,16,Pm,6,12,0.75,False
candidate_0492,priority,10,C2/m,12,4,0.4,True,10,C2/m,12,4,0.4,True,10,C2/m,12,4,0.4,True,10,C2/m,12,4,0.4,True
candidate_0493,priority,12,Imm2,44,12,1.0,False,12,Imm2,44,12,1.0,False,12,Imm2,44,12,1.0,False,12,Imm2,44,12,1.0,False
candidate_0494,control,16,Pm,6,16,1.0,False,16,Pm,6,16,1.0,False,16,Pm,6,16,1.0,False,16,Pm,6,16,1.0,False
candidate_0502,priority,12,P2_1/m,11,6,0.5,True,12,P2_1/m,11,6,0.5,True,12,P2_1/m,11,6,0.5,True,12,P2_1/m,11,6,0.5,True
candidate_0508,control,9,Immm,71,4,0.4444444444444444,True,9,Immm,71,4,0.4444444444444444,True,9,Immm,71,4,0.4444444444444444,True,9,Immm,71,4,0.4444444444444444,True
candidate_0515,screened,11,Imm2,44,11,1.0,False,11,Imm2,44,11,1.0,False,11,Imm2,44,11,1.0,False,11,Imm2,44,11,1.0,False
candidate_0516,screened,19,Pm,6,19,1.0,False,19,Pm,6,19,1.0,False,19,Pm,6,19,1.0,False,19,Pm,6,19,1.0,False
candidate_0517,control,4,I4/mmm,139,3,0.75,False,4,I4/mmm,139,3,0.75,False,4,I4/mmm,139,3,0.75,False,4,I4/mmm,139,3,0.75,False
candidate_0522,control,11,P1,1,11,1.0,False,11,P1,1,11,1.0,False,11,P1,1,11,1.0,False,11,P1,1,11,1.0,False
candidate_0523,control,10,P1,1,10,1.0,False,10,P1,1,10,1.0,False,10,P1,1,10,1.0,False,10,P1,1,10,1.0,False
candidate_0539,priority,16,Cm,8,12,0.75,False,16,Cm,8,12,0.75,False,16,Cm,8,12,0.75,False,16,Cm,8,12,0.75,False
candidate_0542,priority,16,P1,1,16,1.0,False,16,P1,1,16,1.0,False,16,Aem2,39,7,0.4375,True,16,Aem2,39,7,0.4375,True
candidate_0543,screened,10,Amm2,38,10,1.0,False,10,Amm2,38,10,1.0,False,10,Amm2,38,10,1.0,False,10,Amm2,38,10,1.0,False
candidate_0549,control,10,P4mm,99,10,1.0,False,10,P4mm,99,10,1.0,False,10,P4/mmm,123,6,0.6,True,10,P4/mmm,123,6,0.6,True
candidate_0550,screened,15,Pmm2,25,15,1.0,False,15,Pmm2,25,15,1.0,False,15,Pmm2,25,15,1.0,False,15,Pmm2,25,15,1.0,False
candidate_0554,screened,14,P1,1,14,1.0,False,14,P1,1,14,1.0,False,14,Cm,8,14,1.0,False,14,Cm,8,14,1.0,False
candidate_0560,priority,16,Cm,8,12,0.75,False,16,Cm,8,12,0.75,False,16,P-3m1,164,6,0.375,True,16,P-3m1,164,6,0.375,True
candidate_0563,priority,4,P-6m2,187,2,0.5,True,2,P-6m2,187,2,1.0,False,4,P-6m2,187,2,0.5,True,2,P-6m2,187,2,1.0,False
candidate_0565,priority,12,Cm,8,12,1.0,False,12,I4_1md,109,6,0.5,True,12,I4_1/amd,141,4,0.3333333333333333,True,12,I4_1/amd,141,4,0.3333333333333333,True
candidate_0568,priority,16,P-1,2,10,0.625,True,16,P-1,2,10,0.625,True,16,P-1,2,10,0.625,True,16,P-1,2,10,0.625,True
candidate_0574,priority,6,Cm,8,6,1.0,False,6,Cm,8,6,1.0,False,6,Cm,8,6,1.0,False,6,Cm,8,6,1.0,False
candidate_0583,priority,6,C2/m,12,3,0.5,True,6,C2/m,12,3,0.5,True,6,C2/m,12,3,0.5,True,6,C2/m,12,3,0.5,True
candidate_0591,priority,16,Amm2,38,9,0.5625,True,16,Amm2,38,9,0.5625,True,16,Amm2,38,9,0.5625,True,16,Amm2,38,9,0.5625,True
candidate_0594,screened,11,Cm,8,11,1.0,False,11,Cm,8,11,1.0,False,11,Imm2,44,11,1.0,False,11,Imm2,44,11,1.0,False
candidate_0595,screened,10,Cm,8,10,1.0,False,10,Cm,8,10,1.0,False,10,Cm,8,10,1.0,False,10,Cm,8,10,1.0,False
candidate_0603,priority,12,Imm2,44,12,1.0,False,12,Imm2,44,12,1.0,False,12,I-4m2,119,8,0.6666666666666666,True,12,I-4m2,119,8,0.6666666666666666,True
candidate_0619,control,18,P1,1,18,1.0,False,18,P1,1,18,1.0,False,18,P1,1,18,1.0,False,18,P1,1,18,1.0,False
candidate_0625,priority,6,Cm,8,6,1.0,False,6,Cm,8,6,1.0,False,6,Cm,8,6,1.0,False,6,Cm,8,6,1.0,False
candidate_0629,control,5,Cm,8,5,1.0,False,5,Cm,8,5,1.0,False,5,P-3m1,164,3,0.6,True,5,P-3m1,164,3,0.6,True
candidate_0631,control,4,Pmmn,59,2,0.5,True,4,Pmmn,59,2,0.5,True,4,Pmmn,59,2,0.5,True,4,Pmmn,59,2,0.5,True
candidate_0632,screened,10,Pm,6,10,1.0,False,10,Pm,6,10,1.0,False,10,Pmc2_1,26,5,0.5,True,10,P4/mbm,127,3,0.3,True
candidate_0633,priority,16,Cm,8,12,0.75,False,16,Cm,8,12,0.75,False,16,Amm2,38,9,0.5625,True,16,Amm2,38,9,0.5625,True
candidate_0635,control,6,Cm,8,6,1.0,False,6,Cm,8,6,1.0,False,6,Cm,8,6,1.0,False,6,Cm,8,6,1.0,False
candidate_0636,priority,16,Cm,8,12,0.75,False,16,Cm,8,12,0.75,False,16,P-6m2,187,6,0.375,True,16,P-6m2,187,6,0.375,True
candidate_0639,control,12,Imm2,44,12,1.0,False,12,Imm2,44,12,1.0,False,12,I4_1/amd,141,3,0.25,True,12,I4_1/amd,141,3,0.25,True
candidate_0641,priority,16,P2_1,4,8,0.5,True,16,Cmc2_1,36,6,0.375,True,16,Cmce,64,5,0.3125,True,16,Cmce,64,5,0.3125,True
candidate_0648,priority,16,Pm,6,12,0.75,False,16,Amm2,38,9,0.5625,True,16,P6_3/mmc,194,4,0.25,True,16,P6_3/mmc,194,4,0.25,True
candidate_0655,control,12,Pm,6,12,1.0,False,12,Pm,6,12,1.0,False,12,Pm,6,12,1.0,False,12,Pm,6,12,1.0,False
candidate_0656,control,3,Im-3m,229,1,0.3333333333333333,True,1,Im-3m,229,1,1.0,False,3,Im-3m,229,1,0.3333333333333333,True,1,Im-3m,229,1,1.0,False
candidate_0679,priority,10,Pm,6,10,1.0,False,10,Pm,6,10,1.0,False,10,Pm,6,10,1.0,False,10,Pm,6,10,1.0,False
candidate_0680,priority,12,Pm,6,12,1.0,False,12,Pm,6,12,1.0,False,12,P2_1/m,11,6,0.5,True,12,P2_1/m,11,6,0.5,True
candidate_0682,priority,16,P1,1,16,1.0,False,16,P1,1,16,1.0,False,16,P-6m2,187,6,0.375,True,16,P-6m2,187,6,0.375,True
candidate_0687,priority,16,P1,1,16,1.0,False,16,P1,1,16,1.0,False,16,Cm,8,12,0.75,False,16,Cm,8,12,0.75,False
candidate_0691,screened,7,P1,1,7,1.0,False,7,P1,1,7,1.0,False,7,Cm,8,7,1.0,False,7,Cm,8,7,1.0,False
candidate_0704,control,11,P-1,2,6,0.5454545454545454,True,11,P-1,2,6,0.5454545454545454,True,11,P-1,2,6,0.5454545454545454,True,11,P-1,2,6,0.5454545454545454,True
candidate_0706,screened,20,P1,1,20,1.0,False,20,P1,1,20,1.0,False,20,P1,1,20,1.0,False,20,P1,1,20,1.0,False
candidate_0709,screened,10,P1,1,10,1.0,False,10,P1,1,10,1.0,False,10,Cm,8,10,1.0,False,10,Cm,8,10,1.0,False
candidate_0713,priority,9,C2/m,12,5,0.5555555555555556,True,9,C2/m,12,5,0.5555555555555556,True,9,C2/m,12,5,0.5555555555555556,True,9,C2/m,12,5,0.5555555555555556,True
candidate_0714,priority,16,P1,1,16,1.0,False,16,P1,1,16,1.0,False,16,P1,1,16,1.0,False,16,P1,1,16,1.0,False
candidate_0715,screened,18,Pm,6,18,1.0,False,18,Pm,6,18,1.0,False,18,Pm,6,18,1.0,False,18,Pm,6,18,1.0,False
candidate_0716,control,7,P1,1,7,1.0,False,7,P1,1,7,1.0,False,7,Cm,8,6,0.8571428571428571,False,7,Cm,8,6,0.8571428571428571,False
candidate_0719,screened,18,Pm,6,18,1.0,False,18,Pmm2,25,18,1.0,False,18,Pmm2,25,18,1.0,False,18,Pmm2,25,18,1.0,False
candidate_0721,priority,10,Cm,8,10,1.0,False,10,Cm,8,10,1.0,False,10,P4mm,99,10,1.0,False,10,P4mm,99,10,1.0,False
candidate_0730,screened,10,P1,1,10,1.0,False,10,P1,1,10,1.0,False,10,P1,1,10,1.0,False,10,P1,1,10,1.0,False
candidate_0731,priority,16,P-1,2,8,0.5,True,16,P-1,2,8,0.5,True,16,P-1,2,8,0.5,True,16,P-1,2,8,0.5,True
candidate_0735,priority,8,Pm,6,8,1.0,False,8,Amm2,38,6,0.75,False,8,Amm2,38,6,0.75,False,8,Amm2,38,6,0.75,False
candidate_0736,priority,12,Pmm2,25,8,0.6666666666666666,True,12,Pmm2,25,8,0.6666666666666666,True,12,Pmm2,25,8,0.6666666666666666,True,12,Pmm2,25,8,0.6666666666666666,True
candidate_0737,priority,12,Imma,74,6,0.5,True,12,Imma,74,6,0.5,True,12,Imma,74,6,0.5,True,12,Imma,74,6,0.5,True
candidate_0744,screened,15,P1,1,15,1.0,False,15,P1,1,15,1.0,False,15,Cm,8,11,0.7333333333333333,False,15,Cm,8,11,0.7333333333333333,False
candidate_0750,control,10,P2_1/m,11,5,0.5,True,10,P2_1/m,11,5,0.5,True,10,P2_1/m,11,5,0.5,True,10,P2_1/m,11,5,0.5,True
candidate_0751,control,18,Pm,6,18,1.0,False,18,Pm,6,18,1.0,False,18,Pm,6,18,1.0,False,18,Pm,6,18,1.0,False
candidate_0752,priority,20,P1,1,20,1.0,False,20,P1,1,20,1.0,False,20,Cmce,64,5,0.25,True,20,Cmce,64,5,0.25,True
candidate_0774,priority,8,P6_3/mmc,194,2,0.25,True,8,P6_3/mmc,194,2,0.25,True,8,P6_3/mmc,194,2,0.25,True,8,P6_3/mmc,194,2,0.25,True
candidate_0775,control,12,Imm2,44,12,1.0,False,12,Imm2,44,12,1.0,False,12,Imm2,44,12,1.0,False,12,Imm2,44,12,1.0,False
candidate_0782,control,6,Amm2,38,6,1.0,False,6,Amm2,38,6,1.0,False,6,Amm2,38,6,1.0,False,6,Amm2,38,6,1.0,False
candidate_0785,control,7,Cm,8,7,1.0,False,7,Cm,8,7,1.0,False,7,Cm,8,7,1.0,False,7,Cm,8,7,1.0,False
candidate_0788,control,13,Cm,8,13,1.0,False,13,Imm2,44,13,1.0,False,13,Imm2,44,13,1.0,False,13,Imm2,44,13,1.0,False
candidate_0796,control,5,I4/mmm,139,3,0.6,True,5,I4/mmm,139,3,0.6,True,5,I4/mmm,139,3,0.6,True,5,I4/mmm,139,3,0.6,True
candidate_0801,priority,9,C2/m,12,4,0.4444444444444444,True,9,C2/m,12,4,0.4444444444444444,True,9,Fmmm,69,4,0.4444444444444444,True,9,Fmmm,69,4,0.4444444444444444,True
candidate_0802,priority,16,P-1,2,12,0.75,False,16,P-1,2,12,0.75,False,16,Cmcm,63,6,0.375,True,16,Cmcm,63,6,0.375,True
candidate_0803,control,7,Cm,8,7,1.0,False,7,Cm,8,7,1.0,False,7,Cm,8,7,1.0,False,7,Cm,8,7,1.0,False
candidate_0806,control,11,P1,1,11,1.0,False,11,P1,1,11,1.0,False,11,P1,1,11,1.0,False,11,P1,1,11,1.0,False
candidate_0809,priority,16,Cm,8,12,0.75,False,16,P3m1,156,8,0.5,True,16,P6_3/mmc,194,4,0.25,True,16,P6_3/mmc,194,4,0.25,True
candidate_0814,priority,16,Pm,6,16,1.0,False,16,Pm,6,16,1.0,False,16,Pm,6,16,1.0,False,16,Pm,6,16,1.0,False
candidate_0817,priority,12,Pm,6,12,1.0,False,12,Pm,6,12,1.0,False,12,Pm,6,12,1.0,False,12,Pm,6,12,1.0,False
candidate_0819,control,4,Pmm2,25,4,1.0,False,4,Pmm2,25,4,1.0,False,4,Pmm2,25,4,1.0,False,4,Pmm2,25,4,1.0,False
candidate_0821,priority,16,Cm,8,12,0.75,False,16,P3m1,156,8,0.5,True,16,P-6m2,187,6,0.375,True,16,P-6m2,187,6,0.375,True
candidate_0824,priority,16,Cmc2_1,36,6,0.375,True,16,Cmc2_1,36,6,0.375,True,16,Cmc2_1,36,6,0.375,True,16,Cmc2_1,36,6,0.375,True
candidate_0825,screened,4,Pmm2,25,4,1.0,False,4,Pmm2,25,4,1.0,False,4,Pmm2,25,4,1.0,False,4,Pmm2,25,4,1.0,False
candidate_0832,priority,6,Amm2,38,6,1.0,False,6,Amm2,38,6,1.0,False,6,Amm2,38,6,1.0,False,6,Amm2,38,6,1.0,False
candidate_0834,priority,12,Cm,8,12,1.0,False,12,P3m1,156,12,1.0,False,12,P3m1,156,12,1.0,False,12,P3m1,156,12,1.0,False
candidate_0838,control,12,Pm,6,12,1.0,False,12,Pm,6,12,1.0,False,12,Pm,6,12,1.0,False,12,Pm,6,12,1.0,False
candidate_0841,control,16,P1,1,16,1.0,False,16,P1,1,16,1.0,False,16,P1,1,16,1.0,False,16,P1,1,16,1.0,False
candidate_0844,priority,10,P4mm,99,10,1.0,False,10,P4mm,99,10,1.0,False,10,P4mm,99,10,1.0,False,10,P4mm,99,10,1.0,False
candidate_0845,priority,12,P2_1/m,11,6,0.5,True,12,Pmmn,59,4,0.3333333333333333,True,12,Pmmn,59,4,0.3333333333333333,True,12,Pmmn,59,4,0.3333333333333333,True
candidate_0848,control,11,Cm,8,11,1.0,False,11,Cm,8,11,1.0,False,11,Cm,8,11,1.0,False,11,Cm,8,11,1.0,False
candidate_0851,priority,16,P1,1,16,1.0,False,16,P1,1,16,1.0,False,16,P-1,2,12,0.75,False,16,P-1,2,12,0.75,False
candidate_0852,screened,15,P1,1,15,1.0,False,15,P1,1,15,1.0,False,15,Cm,8,11,0.7333333333333333,False,15,Cm,8,11,0.7333333333333333,False
candidate_0853,priority,16,P1,1,16,1.0,False,16,P1,1,16,1.0,False,16,Amm2,38,9,0.5625,True,16,Amm2,38,9,0.5625,True
candidate_0858,screened,15,P1,1,15,1.0,False,15,P1,1,15,1.0,False,15,P1,1,15,1.0,False,15,P1,1,15,1.0,False
candidate_0859,screened,14,P1,1,14,1.0,False,14,P1,1,14,1.0,False,14,P1,1,14,1.0,False,14,P1,1,14,1.0,False
candidate_0860,screened,2,P4/mmm,123,2,1.0,False,2,P4/mmm,123,2,1.0,False,2,P4/mmm,123,2,1.0,False,2,P4/mmm,123,2,1.0,False
candidate_0862,screened,18,Pm,6,18,1.0,False,18,Pm,6,18,1.0,False,18,P4mm,99,13,0.7222222222222222,False,18,P4mm,99,13,0.7222222222222222,False
candidate_0864,screened,15,P1,1,15,1.0,False,15,P1,1,15,1.0,False,15,P1,1,15,1.0,False,15,P1,1,15,1.0,False
candidate_0872,control,7,C2/m,12,4,0.5714285714285714,True,7,C2/m,12,4,0.5714285714285714,True,7,C2/m,12,4,0.5714285714285714,True,7,C2/m,12,4,0.5714285714285714,True
candidate_0879,screened,18,P1,1,18,1.0,False,18,P1,1,18,1.0,False,18,P1,1,18,1.0,False,18,P1,1,18,1.0,False
candidate_0883,screened,15,Pmm2,25,15,1.0,False,15,Pmm2,25,15,1.0,False,15,Pmm2,25,15,1.0,False,15,Pmm2,25,15,1.0,False
candidate_0884,priority,12,P2_1/m,11,6,0.5,True,12,P2_1/m,11,6,0.5,True,12,P2_1/m,11,6,0.5,True,12,P2_1/m,11,6,0.5,True
candidate_0885,priority,16,P1,1,16,1.0,False,16,P1,1,16,1.0,False,16,Amm2,38,9,0.5625,True,16,Amm2,38,9,0.5625,True
candidate_0895,priority,18,P1,1,18,1.0,False,18,P1,1,18,1.0,False,18,Cm,8,18,1.0,False,18,Cm,8,18,1.0,False
candidate_0898,control,10,C2/m,12,6,0.6,True,10,C2/m,12,6,0.6,True,10,C2/m,12,6,0.6,True,10,C2/m,12,6,0.6,True
candidate_0899,priority,12,Pmm2,25,12,1.0,False,12,Pmm2,25,12,1.0,False,12,Pmm2,25,12,1.0,False,12,Pmm2,25,12,1.0,False
candidate_0902,screened,19,Pm,6,19,1.0,False,19,Pm,6,19,1.0,False,19,Pm,6,19,1.0,False,19,Pm,6,19,1.0,False
candidate_0908,priority,5,C2/m,12,3,0.6,True,5,C2/m,12,3,0.6,True,5,C2/m,12,3,0.6,True,5,C2/m,12,3,0.6,True
candidate_0926,priority,16,P1,1,16,1.0,False,16,P1,1,16,1.0,False,16,Amm2,38,9,0.5625,True,16,Amm2,38,9,0.5625,True
candidate_0927,priority,16,Pm,6,16,1.0,False,16,Pm,6,16,1.0,False,16,Pm,6,16,1.0,False,16,Pm,6,16,1.0,False
candidate_0928,screened,10,P4mm,99,10,1.0,False,10,P4mm,99,10,1.0,False,10,P4/mmm,123,6,0.6,True,10,P4/mmm,123,6,0.6,True
candidate_0937,priority,16,Pmm2,25,10,0.625,True,16,Pmmm,47,9,0.5625,True,16,Pmmm,47,9,0.5625,True,16,Pmmm,47,9,0.5625,True
candidate_0939,priority,16,Pm,6,16,1.0,False,16,Pm,6,16,1.0,False,16,Pm,6,16,1.0,False,16,Pm,6,16,1.0,False
candidate_0941,priority,20,P1,1,20,1.0,False,20,P1,1,20,1.0,False,20,Pm,6,20,1.0,False,20,Pm,6,20,1.0,False
candidate_0944,screened,14,P1,1,14,1.0,False,14,P1,1,14,1.0,False,14,P1,1,14,1.0,False,14,P1,1,14,1.0,False
candidate_0946,priority,5,P3m1,156,5,1.0,False,5,P-3m1,164,3,0.6,True,5,P-3m1,164,3,0.6,True,5,P-3m1,164,3,0.6,True
candidate_0951,priority,10,P1,1,10,1.0,False,10,P1,1,10,1.0,False,10,Fdd2,43,3,0.3,True,10,Fdd2,43,3,0.3,True
candidate_0954,screened,10,Pm,6,10,1.0,False,10,Pm,6,10,1.0,False,10,Pm,6,10,1.0,False,10,Pm,6,10,1.0,False
candidate_0959,control,6,Amm2,38,6,1.0,False,6,Amm2,38,6,1.0,False,6,Amm2,38,6,1.0,False,6,Amm2,38,6,1.0,False
candidate_0961,control,10,Pm,6,10,1.0,False,10,Pm,6,10,1.0,False,10,Amm2,38,6,0.6,True,10,Amm2,38,6,0.6,True
candidate_0970,priority,14,P1,1,14,1.0,False,14,P1,1,14,1.0,False,14,P1,1,14,1.0,False,14,P1,1,14,1.0,False
candidate_0979,priority,12,Imm2,44,12,1.0,False,12,Imm2,44,12,1.0,False,12,Immm,71,7,0.5833333333333334,True,12,Immm,71,7,0.5833333333333334,True
candidate_0980,screened,18,P1,1,18,1.0,False,18,P1,1,18,1.0,False,18,P1,1,18,1.0,False,18,P1,1,18,1.0,False
candidate_0982,priority,8,Pmm2,25,8,1.0,False,8,Pmm2,25,8,1.0,False,8,Pmmn,59,4,0.5,True,8,Pmmn,59,4,0.5,True
candidate_0990,screened,10,Cm,8,10,1.0,False,10,Cm,8,10,1.0,False,10,Cm,8,10,1.0,False,10,Cm,8,10,1.0,False
candidate_0995,screened,10,Cm,8,10,1.0,False,10,Cm,8,10,1.0,False,10,Cm,8,10,1.0,False,10,Cm,8,10,1.0,False
candidate_1000,control,12,Pm,6,12,1.0,False,12,Pm,6,12,1.0,False,12,Pm,6,12,1.0,False,12,Pm,6,12,1.0,False
candidate_1005,priority,12,Cm,8,9,0.75,False,12,Cm,8,9,0.75,False,12,Cm,8,9,0.75,False,12,Cm,8,9,0.75,False
candidate_1010,priority,16,P1,1,16,1.0,False,16,P1,1,16,1.0,False,16,Pnma,62,2,0.125,True,8,Pnma,62,2,0.25,True
candidate_1015,control,11,P1,1,11,1.0,False,11,P1,1,11,1.0,False,11,P1,1,11,1.0,False,11,P1,1,11,1.0,False
candidate_1016,priority,10,P1,1,10,1.0,False,10,P1,1,10,1.0,False,10,Fdd2,43,3,0.3,True,10,Fdd2,43,3,0.3,True
candidate_1019,priority,16,C2/m,12,9,0.5625,True,16,C2/m,12,9,0.5625,True,16,C2/m,12,9,0.5625,True,16,C2/m,12,9,0.5625,True
candidate_1020,priority,16,Cm,8,12,0.75,False,16,Cm,8,12,0.75,False,16,Cmcm,63,5,0.3125,True,16,Cmcm,63,5,0.3125,True
candidate_1023,priority,18,P-1,2,10,0.5555555555555556,True,18,P-1,2,10,0.5555555555555556,True,18,P-1,2,10,0.5555555555555556,True,18,P-1,2,10,0.5555555555555556,True
candidate_1025,priority,12,Pm,6,12,1.0,False,12,Pm,6,12,1.0,False,12,Pm,6,12,1.0,False,12,Pm,6,12,1.0,False
candidate_1029,priority,16,P-1,2,10,0.625,True,16,P-1,2,10,0.625,True,16,P2_1/m,11,7,0.4375,True,16,P2_1/m,11,7,0.4375,True
candidate_1031,screened,10,P1,1,10,1.0,False,10,P1,1,10,1.0,False,10,Cc,9,5,0.5,True,10,Cc,9,5,0.5,True
candidate_1033,control,15,P-1,2,8,0.5333333333333333,True,15,P-1,2,8,0.5333333333333333,True,15,P-1,2,8,0.5333333333333333,True,15,P-1,2,8,0.5333333333333333,True
candidate_1034,priority,12,Pm,6,12,1.0,False,12,Pm,6,12,1.0,False,12,Pm,6,12,1.0,False,12,Pm,6,12,1.0,False
candidate_1035,control,8,Imm2,44,8,1.0,False,8,Imm2,44,8,1.0,False,8,Immm,71,5,0.625,True,8,Immm,71,5,0.625,True
candidate_1048,screened,18,Pmm2,25,18,1.0,False,18,Pmm2,25,18,1.0,False,18,Pmm2,25,18,1.0,False,18,Pmm2,25,18,1.0,False
candidate_1050,priority,16,Cm,8,12,0.75,False,16,Cm,8,12,0.75,False,16,Cm,8,12,0.75,False,16,Cm,8,12,0.75,False
candidate_1053,control,10,Cm,8,10,1.0,False,10,Cm,8,10,1.0,False,10,C2/m,12,6,0.6,True,10,C2/m,12,6,0.6,True
candidate_1064,priority,12,I4mm,107,9,0.75,False,12,I4mm,107,9,0.75,False,12,I4/mmm,139,5,0.4166666666666667,True,12,I4/mmm,139,5,0.4166666666666667,True
candidate_1078,screened,15,P1,1,15,1.0,False,15,P1,1,15,1.0,False,15,P1,1,15,1.0,False,15,P1,1,15,1.0,False
