parent_task,candidate_id,formula,role,n_points,refit_b0_gpa,refit_v0_a3,refit_bp,refit_e0_ev,refit_rms_ev,optimizer_nfev,published_b0_gpa,signed_error_gpa,absolute_error_gpa,relative_error,published_v0_a3,published_bp,published_rms_ev,uma_bulk_modulus_gpa,pss
E4-candidate_0000,candidate_0000,Ir5Os7,control,5,349.17249495380423,178.19935637597462,5.079203482583951,-118.76097544662285,0.0005216789605593569,6,349.17249373800047,1.215803763443546e-06,1.215803763443546e-06,3.4819574429474306e-09,178.19935624996396,5.079204891071073,0.0005216789605778956,375.547605320632,-0.569329827009457
E4-candidate_0004,candidate_0004,ReIrOs2,control,5,377.7785423080868,58.24437877242805,4.880492210282421,-43.59287877211462,8.782418990020816e-06,5,377.7785423506457,-4.2558895074762404e-08,4.2558895074762404e-08,1.1265567072695245e-10,58.24437877408939,4.880492153814046,8.78241899023533e-06,390.44888326733593,0.24151701209006252
E4-candidate_0006,candidate_0006,Re3Ir2Os11,priority,5,387.6626618755591,232.04251038492382,4.896842026936456,-178.35615722737364,6.194685373127128e-05,5,387.6626618704476,5.111473910801578e-09,5.111473910801578e-09,1.3185365560198764e-11,232.04251039045647,4.8968419807658785,6.194685372751364e-05,411.0616768457807,0.24404412141388646
E4-candidate_0009,candidate_0009,Ir2Os7,screened,5,334.60510341838034,277.7962349801534,5.282656010566612,-187.27966312617104,0.00019203397753027695,7,334.60510343002227,-1.1641930086625507e-08,1.1641930086625507e-08,3.479304400107647e-11,277.7962349846521,5.28265597874528,0.00019203397752392987,381.5342990134223,-0.6378596707391505
E4-candidate_0011,candidate_0011,Re5Os2,screened,5,353.7676379404119,212.67579550026926,4.801144154149803,-166.92543990597943,1.122979648052508e-05,5,353.7676379343284,6.083496373321395e-09,6.083496373321395e-09,1.7196305486966858e-11,212.67579550006855,4.801144156261096,1.12297964790892e-05,387.24363800617584,-0.6514096948257566
E4-candidate_0013,candidate_0013,ReOs5,priority,5,395.78587355128445,86.71917690172063,4.897915079262049,-68.80118680422287,3.81130201796578e-05,7,395.78587347034556,8.093888936855365e-08,8.093888936855365e-08,2.0450171366365866e-10,86.71917689955198,4.89791512929682,3.811302017957242e-05,404.20840259059185,-0.5196694573966908
E4-candidate_0015,candidate_0015,IrOs8,priority,5,387.8549750660448,129.77740469367984,4.970728715876402,-97.7246756348373,3.6524547596226454e-07,7,387.85497505609504,9.949758350558113e-09,9.949758350558113e-09,2.5653295665780982e-11,129.77740469342535,4.9707287205579,3.652454765071592e-07,401.2719932257208,1.5830192982804112
E4-candidate_0017,candidate_0017,Os,priority,5,400.38451337632415,57.4374897847278,4.926959135691867,-44.92258610694427,2.6362285862330493e-05,7,400.3845134329008,-5.657665269609424e-08,5.657665269609424e-08,1.4130579679769695e-10,57.43748978389274,4.926959162776914,2.6362285862716127e-05,436.6152921537611,1.8690700158446896
E4-candidate_0023,candidate_0023,Re8B2Os5C3,control,5,352.95748400601155,224.44852861067076,4.8754837999592615,-190.82635238726166,0.0001093268395019878,5,352.95748395397504,5.2036511988262646e-08,5.2036511988262646e-08,1.4742997203325515e-10,224.44852861601012,4.875483754937853,0.00010932683950276725,365.052323059289,-0.14773976048900972
E4-candidate_0025,candidate_0025,Ir2Os,control,5,362.63340017857985,260.3432777055387,5.239818972378664,-173.29897782074946,0.00013792233135920362,5,362.6334002272841,-4.870423708780436e-08,4.870423708780436e-08,1.343070910105867e-10,260.3432777529864,5.239818615959068,0.0001379223313733432,381.80651775087904,-0.5230669565525191
E4-candidate_0034,candidate_0034,IrOs3,priority,5,388.46347868163474,115.06636526320428,5.002944227188816,-85.10752153082139,1.0692362756370316e-05,5,388.4634787005213,-1.8886566977016628e-08,1.8886566977016628e-08,4.861864245307054e-11,115.0663652662565,5.0029441751324155,1.0692362755128037e-05,415.8020857682442,1.4556668217011017
E4-candidate_0037,candidate_0037,IrOs7,priority,5,394.2113611810207,114.96963947013505,4.946576058435606,-87.47516974237493,8.19586010365062e-05,5,394.21136121496784,-3.394711711734999e-08,3.394711711734999e-08,8.611399989265721e-11,114.96963947417865,4.946575989170377,8.195860103621153e-05,427.7870944757225,-0.49218722904662915
E4-candidate_0051,candidate_0051,ReOs5,priority,5,395.572948371455,86.72573379228704,4.898546775206897,-68.81577782873765,9.212858170569262e-06,5,395.5729482579146,1.1354040907463059e-07,1.1354040907463059e-07,2.8702773932003546e-10,86.72573378531933,4.898546934027038,9.212858173743533e-06,410.1097100996811,-0.5128631503878358
E4-candidate_0052,candidate_0052,IrOs3,priority,5,388.387142725161,57.54399178536578,4.99161262260128,-42.5233685966796,4.259673481982138e-05,7,388.38714299548025,-2.703192194530857e-07,2.703192194530857e-07,6.960045519741405e-10,57.54399179113779,4.991612420650281,4.2596734818276224e-05,422.8281626582972,-0.5015528270889535
E4-candidate_0063,candidate_0063,Os7W,priority,5,382.76152584840884,233.67523067468977,4.868027629397213,-182.38399331214248,0.00010827624016203066,5,382.76152582788114,2.0527693322947016e-08,2.0527693322947016e-08,5.3630503427812746e-11,233.67523065660745,4.868027780123327,0.00010827624016720847,425.74624238803904,0.24189641454762004
E4-candidate_0065,candidate_0065,IrOs3,priority,5,387.56692359259307,172.6309645835184,5.029084825298044,-127.71995254545573,2.081489895277832e-05,5,387.5669235625283,3.006476845257566e-08,3.006476845257566e-08,7.757310189481417e-11,172.63096457697327,5.02908489990603,2.0814898951606304e-05,404.3180997845905,-0.5138037868132053
E4-candidate_0066,candidate_0066,IrOs2,control,4,379.27791311668915,173.10655446850137,5.076941964130788,-124.43325696884047,1.5582770503286506e-15,5,379.2779131166935,-4.376943252282217e-12,4.376943252282217e-12,1.1540200736486204e-14,173.10655446850154,5.07694196412901,7.105427357601002e-15,389.21577294234186,-0.5145541864639798
E4-candidate_0073,candidate_0073,IrOs,priority,5,374.4938401940518,173.2564362413875,5.087093568272183,-120.38952541812955,4.355666891724307e-05,6,374.4938402262967,-3.224488409614423e-08,3.224488409614423e-08,8.610257534986291e-11,173.25643624512034,5.087093525530613,4.355666891721721e-05,405.5022729508629,-0.5162213509368104
E4-candidate_0074,candidate_0074,Re2Ir3Os7,priority,5,381.2146114068005,173.96943168573347,5.009357516266528,-130.4090222419951,7.481121037508205e-05,6,381.21461111609017,2.907103180405102e-07,2.907103180405102e-07,7.625896530812168e-10,173.9694316519246,5.009357901319939,7.48112103823345e-05,418.66357005734534,-0.5274995498279699
E4-candidate_0077,candidate_0077,IrOs2,priority,5,379.29194770545575,173.10648463504768,5.062539380976235,-124.4903777415058,3.592488125600594e-05,5,379.29194769877637,6.679385933239246e-09,6.679385933239246e-09,1.761014430642181e-11,173.10648463641857,5.062539365644882,3.592488125411793e-05,428.3451280458812,-0.47185190322008985
E4-candidate_0084,candidate_0084,ReIr3,control,5,360.88772946626386,58.330437254961176,5.043465358658867,-39.42745314257614,1.338570808118575e-05,7,360.8877295926217,-1.263578610632976e-07,1.263578610632976e-07,3.5013066586091255e-10,58.330437257786414,5.043465261010812,1.3385708081433056e-05,392.546604181445,-0.5413649220372589
E4-candidate_0086,candidate_0086,IrOs2,priority,5,383.0933490657904,86.40974757169528,5.055378597845856,-62.648810171844076,2.7940581885996232e-05,5,383.0933490434879,2.2302515390038025e-08,2.2302515390038025e-08,5.821692139976644e-11,86.40974757281711,5.055378573596104,2.7940581884509953e-05,406.9253747551237,1.0497103598891369
E4-candidate_0096,candidate_0096,IrOs,priority,5,375.3298586567204,173.19210523706727,5.070599901670054,-120.41163214491608,5.187447596054208e-05,6,375.3298587317254,-7.50050048736739e-08,7.50050048736739e-08,1.9983756455487663e-10,173.19210524484447,5.07059981175445,5.187447596066179e-05,414.2303794856437,1.0608731717613482
E4-candidate_0097,candidate_0097,ReIr2Os,priority,5,370.3766447995005,58.25165513764706,4.952276321022541,-41.5483920804298,3.3475158763312925e-06,5,370.37664480143917,-1.9386448002478573e-09,1.9386448002478573e-09,5.2342522873902454e-12,58.25165513692226,4.952276345023658,3.347515876770409e-06,405.1924089145057,-0.5167626153930894
E4-candidate_0100,candidate_0100,IrOs,priority,5,375.33421439823985,57.72412624054763,5.064266362873769,-40.081619548256405,1.2729842923485458e-05,8,375.3342143653754,3.286447736172704e-08,3.286447736172704e-08,8.756056896463631e-11,57.72412624001932,5.064266380918454,1.2729842923406841e-05,419.1974916358665,1.0601488206969725
E4-candidate_0107,candidate_0107,Re2Os2W,screened,5,344.0656534906325,152.31059179580586,4.821557167646347,-119.33705116989748,1.2513212924998666e-05,5,344.06565346566225,2.4970233880594606e-08,2.4970233880594606e-08,7.257403820775919e-11,152.31059179400404,4.82155719126956,1.2513212927469105e-05,385.7138942317908,-0.637999446436994
E4-candidate_0118,candidate_0118,ReIrOs2,priority,5,384.209671674718,58.00210299636766,4.94517335640353,-44.18063344086366,1.5232896005917466e-05,5,384.2096716056019,6.911608352311305e-08,6.911608352311305e-08,1.79891576477705e-10,58.00210299243713,4.945173489788509,1.5232896005786734e-05,403.0414378248935,-0.5298729364948571
E4-candidate_0124,candidate_0124,Re7W8,screened,5,300.8074771267726,244.30878213114022,4.692507809122747,-187.0793547876688,5.6822090502472676e-05,5,300.8074770385177,8.825492159303394e-08,8.825492159303394e-08,2.933933772588143e-10,244.30878212142724,4.692507889046631,5.68220905037459e-05,280.5757022937872,-0.9562061697510111
E4-candidate_0130,candidate_0130,IrOs2,priority,5,383.9955121172632,172.78834232984053,5.019603512168404,-125.3080152169703,4.223642547820162e-05,5,383.99551211018616,7.077062491589459e-09,7.077062491589459e-09,1.843006563461794e-11,172.78834232824948,5.019603530243011,4.2236425483107155e-05,421.00146870423043,1.847356514824367
E4-candidate_0131,candidate_0131,IrOs5,priority,5,392.2280178651384,86.23665799587472,5.035698996207364,-65.03897245899773,2.3453419784977047e-05,7,392.2280178364722,2.8666192974924343e-08,2.8666192974924343e-08,7.308553104657571e-11,86.236657992534,5.035699072271622,2.345341978547778e-05,419.21721699445567,1.067613426050083
E4-candidate_0132,candidate_0132,Re3Os2,priority,5,381.7363547558224,147.36363326516368,4.746590277315169,-120.07343701512204,1.354128536462363e-05,5,381.73635474973497,6.087418569222791e-09,6.087418569222791e-09,1.594665662172439e-11,147.36363326244623,4.746590313093097,1.3541285363299767e-05,422.0945610731947,-0.5716590080885137
E4-candidate_0134,candidate_0134,Ir3Os13,priority,5,387.8055760392041,230.6544513708899,4.976696318696289,-171.29680215347116,1.7060236825729134e-06,5,387.8055760323628,6.841275990154827e-09,6.841275990154827e-09,1.7640994387311013e-11,230.6544513706285,4.976696321387627,1.7060236810293508e-06,418.13714648277806,0.6670332827123621
E4-candidate_0140,candidate_0140,IrOs,control,5,363.10015252928997,173.6008401812707,5.368789352253572,-120.08213914987148,7.474355799614591e-05,7,363.1001525191981,1.0091866897710133e-08,1.0091866897710133e-08,2.779361789768609e-11,173.60084018139733,5.36878935127639,7.474355799717726e-05,377.19004456125685,1.036987497070963
E4-candidate_0142,candidate_0142,Os3Ru,priority,5,360.7266485166883,228.1373461450507,6.410048998683264,-170.34040846322137,0.0015106087668937851,8,360.7266504569049,-1.9402166344661964e-06,1.9402166344661964e-06,5.378634021103437e-09,228.13734589231606,6.410051108854567,0.0015106087669243052,418.20350894771593,0.3091134013477741
E4-candidate_0143,candidate_0143,IrOs3,priority,5,386.8903095349633,115.14551816358751,4.972951008951895,-85.07907132812925,6.322725871716821e-05,7,386.8903097701287,-2.351653733967396e-07,2.351653733967396e-07,6.078347465886736e-10,115.14551818528159,4.9729506366641525,6.32272587260904e-05,418.15952342837375,1.0647342680469032
E4-candidate_0151,candidate_0151,ReOs3,priority,5,394.274098815095,115.97365704584897,4.8552040558916065,-92.79391980523827,1.5208629422407238e-05,5,394.27409878648155,2.8613442282221513e-08,2.8613442282221513e-08,7.257246258450539e-11,115.97365704401713,4.855204086988015,1.5208629422437662e-05,405.6945658881274,1.437772529679419
E4-candidate_0153,candidate_0153,Os5W3,screened,5,349.1671210189977,241.41214584736204,4.881602505203736,-189.2825396006696,0.00018013575510428508,5,349.16712085980913,1.5918857343422133e-07,1.5918857343422133e-07,4.5590940247245003e-10,241.41214583466575,4.881602610905318,0.00018013575510622722,354.916039583965,-0.6681534760615095
E4-candidate_0155,candidate_0155,IrOs2,priority,5,384.0519265101038,172.79668439826884,5.012564070662937,-125.25158494916559,2.6531164583651782e-05,5,384.0519264945741,1.552967887619161e-08,1.552967887619161e-08,4.0436404050718944e-11,172.79668439778305,5.012564076478083,2.6531164580631493e-05,401.70855504277034,-0.5184857595294247
E4-candidate_0157,candidate_0157,Ir3W2,screened,5,319.7677457639738,153.25515538388876,5.021711242889608,-106.30795418693246,7.706292246430075e-05,7,319.76774571603016,4.7943615300027886e-08,4.7943615300027886e-08,1.4993261810277835e-10,153.2551553780449,5.021711317707573,7.706292246543969e-05,343.8015734043097,-0.6928449120905387
E4-candidate_0164,candidate_0164,Ir2Os,control,5,359.84603170640213,173.71906078032842,5.269882369807058,-115.5660219927822,8.671950774264005e-05,5,359.8460317567753,-5.037315986555768e-08,5.037315986555768e-08,1.399853143291172e-10,173.71906077688865,5.269882407291547,8.671950774147727e-05,399.8230001633293,1.0616714444666253
E4-candidate_0169,candidate_0169,Ir2Os7W2,screened,5,322.19774614112714,171.40415369285626,5.774169792686112,-118.94527691825215,0.00037083868328354223,5,322.1977461259657,1.5161447208811296e-08,1.5161447208811296e-08,4.7056341613525164e-11,171.4041536379052,5.774170417426947,0.00037083868328434145,352.4408266680575,-0.7550068438507661
E4-candidate_0170,candidate_0170,Re3Os5,control,5,390.0268721084979,116.63804868740333,4.795492873536813,-93.99726937462582,1.850644368569447e-05,5,390.0268722208724,-1.1237449371037656e-07,1.1237449371037656e-07,2.881198751011669e-10,116.63804869544394,4.795492737592602,1.8506443687175195e-05,378.4165325092762,-0.5575996299238907
E4-candidate_0171,candidate_0171,Os7Ru,priority,5,388.98631392883294,114.27777703038785,4.94087416748568,-87.88773414336947,4.0943307463852546e-06,6,388.98631393191175,-3.0788100957579445e-09,3.0788100957579445e-09,7.914957378929429e-12,114.2777770304844,4.94087416560446,4.0943307445465315e-06,403.93705109325873,-0.4920583533078182
E4-candidate_0174,candidate_0174,Re3Os7,priority,5,392.21598045454624,145.35864555798065,4.838155552951549,-116.48560677679333,4.6416657247776085e-05,5,392.21598039567004,5.887619636268937e-08,5.887619636268937e-08,1.501116713890512e-10,145.35864555084692,4.838155649524689,4.64166572473516e-05,401.2548755245299,-0.579382244012365
E4-candidate_0175,candidate_0175,ReOs3,priority,5,390.6358644021254,232.66785165748658,4.983102110696846,-184.1011059766874,0.0001681269722674264,5,390.6358642883454,1.137800040851289e-07,1.137800040851289e-07,2.9126870952417956e-10,232.66785163802672,4.98310227637813,0.00016812697226706883,425.05968758442566,-0.5421327907928251
E4-candidate_0177,candidate_0177,IrOs3,priority,5,384.4020854257097,57.63159289542247,5.049207868585741,-42.54751914258658,3.8286936250413825e-05,5,384.40208537588205,4.982763357475051e-08,4.982763357475051e-08,1.2962373376832042e-10,57.63159288960863,5.049208066482842,3.828693625071785e-05,410.245189696083,0.2774832195556294
E4-candidate_0184,candidate_0184,Re2Ir3,control,5,358.4743349033279,146.83866944917673,4.963230788760861,-103.61943717669996,8.774187560561373e-05,6,358.47433487287617,3.045170160476118e-08,3.045170160476118e-08,8.494806640916178e-11,146.8386694493633,4.963230787522425,8.774187560806056e-05,362.5671900006495,-0.5733519806387108
E4-candidate_0194,candidate_0194,IrOs11,priority,5,395.89377475893514,172.40335233830115,4.957533870347971,-132.402082684677,2.3916790268973605e-05,5,395.893774710813,4.8122160478669684e-08,4.8122160478669684e-08,1.2155321339372233e-10,172.40335233127647,4.957533950890074,2.3916790264938584e-05,420.6494234495126,-0.4980439587356279
E4-candidate_0195,candidate_0195,Os3W2,screened,5,338.6286198615748,153.35280923277327,4.680721888256236,-117.52060153989962,7.793507472212449e-05,5,338.6286197772536,8.432118647760944e-08,8.432118647760944e-08,2.4900785566522714e-10,153.35280921758147,4.680722082904774,7.793507472123914e-05,361.20727157302986,-0.680927298282217
E4-candidate_0196,candidate_0196,ReOs3,priority,5,386.57787939993364,174.82767425791644,4.831878076580322,-137.15916841127148,4.2899015177496674e-05,5,386.5778794809795,-8.104586868284969e-08,8.104586868284969e-08,2.0964952467446426e-10,174.8276742667077,4.8318779778034475,4.289901517800211e-05,400.07355179728836,-0.5408507351627317
E4-candidate_0200,candidate_0200,IrOs9,priority,5,383.26354412289635,143.93211651442135,6.929592683922925,-108.8187789238145,0.005151292501054501,9,383.26355396971076,-9.84681440741042e-06,9.84681440741042e-06,2.5692018730767738e-08,143.93211620594033,6.929596683501198,0.005151292501071338,401.7583712603996,-0.5067053216946878
E4-candidate_0215,candidate_0215,Ir2Os3,control,5,375.00373455475676,144.33869274996223,5.121795010078927,-102.30203942655173,4.530713521504003e-05,7,375.00373455795847,-3.2017055673350114e-09,3.2017055673350114e-09,8.53779648650452e-12,144.33869273792018,5.121795171525042,4.530713521520182e-05,388.75674279619716,-0.5154527832958283
E4-candidate_0221,candidate_0221,Os,priority,5,396.1451192614318,43.181609566281104,5.015783721286915,-33.55395933619962,2.8688061146387152e-05,8,396.145119242511,1.8920786715170834e-08,1.8920786715170834e-08,4.7762261343394116e-11,43.18160956498402,5.015783779814894,2.8688061147955904e-05,414.0698257580022,0.5198304068447207
E4-candidate_0224,candidate_0224,Re4W,screened,5,343.04320593956055,153.18274068349993,4.665393704905591,-124.00019380801254,3.348804634267181e-05,5,343.0432058755217,6.403882935046568e-08,6.403882935046568e-08,1.866786114799286e-10,153.18274067793308,4.665393777388682,3.3488046342049015e-05,335.1077241834852,-0.6907373548811707
E4-candidate_0227,candidate_0227,Re4Ir7,screened,5,307.91896837296446,170.51803309268354,5.519417843545499,-110.74374078636605,8.381061414415389e-05,8,307.91896833803906,3.4925392355944496e-08,3.4925392355944496e-08,1.1342397171713944e-10,170.51803308721804,5.519417906821689,8.381061414438308e-05,332.1701290862767,-0.7559238748567393
E4-candidate_0230,candidate_0230,ReOs7,priority,5,373.64934837472003,231.61521728326514,7.502541716758598,-180.98040649390867,0.004445998758622418,5,373.64934908751593,-7.127958951969049e-07,7.127958951969049e-07,1.907659940898102e-09,231.6152168587794,7.502545294681429,0.004445998758648298,436.4006058734574,1.0476329787482714
E4-candidate_0236,candidate_0236,IrOs2,priority,5,383.48270894886656,86.41577337466191,5.0305932584851885,-62.6079196628005,1.0409682811132105e-05,5,383.4827089135632,3.530334424795001e-08,3.530334424795001e-08,9.205980720217392e-11,86.4157733739162,5.0305932765549475,1.0409682809496703e-05,405.1844574222583,-0.5198100401371247
E4-candidate_0241,candidate_0241,Ir5Os7,priority,5,375.0810522102045,173.20479967294358,5.086976344846684,-122.19164382612111,6.525296241529147e-05,6,375.0810521899726,2.0231937014614232e-08,2.0231937014614232e-08,5.3940173454475323e-11,173.20479967532088,5.086976319069868,6.525296241764831e-05,403.91934272618545,-0.4994836312474972
E4-candidate_0244,candidate_0244,Os7W3,screened,5,343.1548096486645,151.64027372318148,4.916601606447348,-116.04358769549428,5.303382327292504e-05,5,343.1548096983961,-4.973156819687574e-08,4.973156819687574e-08,1.4492458444800923e-10,151.64027373645177,4.916601434824775,5.3033823275414874e-05,369.2000026852173,-0.6538651978091304
E4-candidate_0249,candidate_0249,IrOs7,priority,5,394.60128555235127,114.94564011342196,4.976404331128175,-87.48672012940104,5.006242463309739e-05,7,394.6012855922095,-3.9858207401266554e-08,3.9858207401266554e-08,1.0100881283609652e-10,114.94564011898747,4.976404236789091,5.0062424634153824e-05,404.23926358933295,1.0529921481417828
E4-candidate_0253,candidate_0253,Ir2Os5,priority,5,384.95122350316575,201.57173122115424,5.038154646954078,-147.72937123189234,4.096145980491604e-05,6,384.9512235222926,-1.9126844108541263e-08,1.9126844108541263e-08,4.96864094456726e-11,201.57173122571874,5.03815460223924,4.0961459798052087e-05,419.5214226730207,-0.49848206832177
E4-candidate_0261,candidate_0261,ReOs3,priority,5,370.9177472582525,174.76154669840056,7.030121731874608,-137.23235917284424,0.0028041009385791423,5,370.9177466134179,6.44834642571368e-07,6.44834642571368e-07,1.7384842015753831e-09,174.76154719191408,7.030116214448638,0.0028041009386249264,405.2285784714318,-0.5341845152993847
E4-candidate_0264,candidate_0264,Ir3Os4,screened,5,324.74847026550225,110.16850672155851,5.2745905949425,-69.40722815398739,4.8430446384496724e-05,5,324.74847028668466,-2.1182415821385803e-08,2.1182415821385803e-08,6.522714580514014e-11,110.16850672087642,5.274590606476254,4.843044638284245e-05,326.8530621731822,-0.8233634045485988
E4-candidate_0269,candidate_0269,Re5B3Ir2,control,5,316.9213372371079,123.69422184548935,4.944258491225941,-100.14010980782955,0.00022828215432741346,7,316.92133734012964,-1.0302176178811351e-07,1.0302176178811351e-07,3.2507045013995827e-10,123.69422185815351,4.944258288720378,0.00022828215432550754,343.8436324342246,-0.08361683753467097
E4-candidate_0273,candidate_0273,IrOs3,priority,5,381.28991996633187,173.08238574319327,5.161247947624064,-126.63429454534165,0.00016719650193931635,5,381.28991995411855,1.221332013301435e-08,1.221332013301435e-08,3.203158408825496e-11,173.08238574817213,5.161247891713987,0.00016719650193630907,407.4002303463029,-0.495955245399458
E4-candidate_0284,candidate_0284,Re(Ir2Os3)2,screened,5,318.7028354541452,169.08472255750786,5.522053795307044,-113.57422251310331,1.55620340502385e-05,5,318.7028353574425,9.670270628703292e-08,9.670270628703292e-08,3.0342593651096827e-10,169.0847225504106,5.522053882853183,1.556203405443739e-05,347.5281588715386,-0.7312963059926489
E4-candidate_0292,candidate_0292,Re4Os,screened,5,373.9466305100704,148.8875353963082,4.68337276472261,-122.08452419933677,2.920070304113618e-05,5,373.9466305692437,-5.9173316913074814e-08,5.9173316913074814e-08,1.5824000559384018e-10,148.887535402646,4.683372680388914,2.920070304014213e-05,337.2114703494536,-0.6438093576265245
E4-candidate_0294,candidate_0294,Re2Ir3,screened,5,318.00813874434135,229.37407846780945,5.584655033600079,-153.59532764792834,0.00019457612575075612,5,318.00813854407266,2.002686869673198e-07,2.002686869673198e-07,6.297596278013641e-10,229.37407843324002,5.584655334407903,0.00019457612575393723,349.91122384071224,-0.6876460174279266
E4-candidate_0299,candidate_0299,Ir5Os7,priority,5,379.42729850180166,172.9868498690626,5.053932167831498,-122.87609837956353,1.7707565079278688e-06,5,379.4272984962258,5.57588464289438e-09,5.57588464289438e-09,1.469552840555526e-11,172.98684986926287,5.0539321661589325,1.7707565069927449e-06,420.5135276301135,-0.5003320831437847
E4-candidate_0300,candidate_0300,Os3W,control,5,369.5487927990062,118.54207473645133,4.755551047757673,-93.06258567752376,3.136804134642069e-05,5,369.5487927835028,1.5503417216677917e-08,1.5503417216677917e-08,4.195228754477483e-11,118.5420747385368,4.755551013646295,3.136804134367946e-05,352.4601136077887,0.9565047237786374
E4-candidate_0301,candidate_0301,IrOs5,priority,5,391.1977065683596,86.26366242905371,4.998774929711872,-65.03401576369035,7.625755692229243e-06,7,391.1977065368821,3.1477497941523325e-08,3.1477497941523325e-08,8.046442352686858e-11,86.26366242834175,4.998774946257437,7.62575569207851e-06,422.3838668156426,-0.4984738412908558
E4-candidate_0305,candidate_0305,Ir4Os14W,screened,5,360.5195910299937,284.3848951478768,5.0094876978500515,-203.61474021154163,5.7240664247638916e-05,5,360.5195910192805,1.0713222309277626e-08,1.0713222309277626e-08,2.971606141843394e-11,284.3848951471239,5.00948770325912,5.724066424580184e-05,367.7547750727399,-0.649880430596925
E4-candidate_0311,candidate_0311,Os7W3,screened,5,350.02352772805165,150.87962860248174,4.765625756569771,-115.97061236764668,5.780118159424723e-05,5,350.0235277013612,2.6690429422160378e-08,2.6690429422160378e-08,7.62532438817443e-11,150.8796285913204,4.765625900861329,5.780118159590536e-05,371.46621479740264,-0.6502883917910348
E4-candidate_0312,candidate_0312,Ir2Os3,priority,5,368.67029770093353,72.26620138690113,5.212475969273572,-51.176254194355366,2.4227120170064377e-05,5,368.6702976470676,5.386590373746003e-08,5.386590373746003e-08,1.4610860728744273e-10,72.26620138501127,5.212476023185714,2.422712016999954e-05,402.31014609721126,0.7504143896754285
E4-candidate_0313,candidate_0313,Ir5Os11,priority,5,380.3590958130329,230.8666676562356,5.141136559855155,-166.7425197566761,0.00015514985239923864,5,380.35909617030376,-3.57270835138479e-07,3.57270835138479e-07,9.392987803780902e-10,230.86666767175853,5.141136420018963,0.00015514985240043896,416.97644763860154,0.28054793971167036
E4-candidate_0320,candidate_0320,Re6Ir8W,screened,5,324.27338699595947,230.428011468788,5.240765537933557,-157.5376082519702,0.00015099141318620693,7,324.27338679897224,1.9698723008332308e-07,1.9698723008332308e-07,6.074727008215508e-10,230.42801141652794,5.240765987229393,0.00015099141319198532,319.85769980688207,-0.7476025485281531
E4-candidate_0330,candidate_0330,IrOs3,priority,5,383.89855131727757,57.672471198468116,4.9703013740672635,-42.19978302862118,1.0891423618396508e-05,5,383.8985512555165,6.176105671329424e-08,6.176105671329424e-08,1.6087858761464067e-10,57.67247119457001,4.970301508076368,1.0891423619371748e-05,400.0689048486388,0.2784471758815492
E4-candidate_0331,candidate_0331,Ir5Os11,priority,5,381.6474869026137,230.84589702959022,5.042971443165963,-166.74197990151984,5.755851009051751e-05,5,381.647486888018,1.4595684660889674e-08,1.4595684660889674e-08,3.824389040238145e-11,230.84589703537026,5.0429713945080445,5.755851008975088e-05,416.6979107383102,0.279214363869438
E4-candidate_0332,candidate_0332,IrOs4,control,5,379.6943433028734,72.15729587572496,5.219708950807306,-53.346306257307084,2.4776250648395283e-05,5,379.69434342514495,-1.222715582116507e-07,1.222715582116507e-07,3.220262833221691e-10,72.15729587845378,5.219708873984298,2.477625064873543e-05,387.3497241060197,0.7337737080611444
E4-candidate_0336,candidate_0336,Re5Ir4,screened,5,332.66914180247664,273.12397911384545,5.226692412257683,-195.68331658075294,0.00013112624430761113,5,332.66914187809743,-7.562078963019303e-08,7.562078963019303e-08,2.273153115533131e-10,273.1239791450748,5.226692188533073,0.0001311262443068316,320.16356574272135,-0.7143268569758725
E4-candidate_0339,candidate_0339,IrOs3,priority,5,387.5266564051201,57.56205558769729,5.013965676165692,-42.506340858112495,1.5282624205163337e-05,5,387.52665644326066,-3.814056981354952e-08,3.814056981354952e-08,9.842050651071492e-11,57.56205558877386,5.013965639368206,1.528262420563474e-05,400.94745796844614,0.2627098099232428
E4-candidate_0342,candidate_0342,ReOs3,priority,5,393.32554544873597,58.005666088763505,4.852114156712426,-46.359851166209765,3.8333809780326575e-05,5,393.32554546454054,-1.5804573649802478e-08,1.5804573649802478e-08,4.018191503716432e-11,58.00566608407755,4.852114313756987,3.8333809781255296e-05,400.4851582314579,-0.5245485402398359
E4-candidate_0343,candidate_0343,IrOs,priority,5,374.44797573734076,173.25315000178398,5.072275359411924,-120.35572928506704,3.4265364200378966e-05,5,374.4479757169263,2.0414461232576286e-08,2.0414461232576286e-08,5.451881851808736e-11,173.2531499929474,5.072275459362536,3.426536419855529e-05,409.68963353587446,1.049519583443765
E4-candidate_0355,candidate_0355,Ir2Os,priority,5,365.09144694104737,173.77965503999505,5.117679268907522,-115.40613179851911,8.189849357579866e-05,5,365.0914468444062,9.664114486440667e-08,9.664114486440667e-08,2.6470394116242596e-10,173.77965502776505,5.117679409718832,8.189849357512337e-05,416.5712976755134,1.0576734440507987
E4-candidate_0357,candidate_0357,Re5(Ir2Os3)3,control,5,381.71164624368316,290.10574125991496,5.004362883173903,-218.86367315497333,0.00017895913286045803,5,381.7116464044222,-1.6073903452706872e-07,1.6073903452706872e-07,4.2110068173494046e-10,290.10574130438596,5.00436258115579,0.0001789591328623908,386.12703433429743,-0.5435687418387056
E4-candidate_0367,candidate_0367,IrOs3,priority,5,385.1875057376081,230.65198070788168,4.998857671158082,-169.1138962962028,1.652748897166404e-05,5,385.1875057316846,5.923482149228221e-09,5.923482149228221e-09,1.537817831857304e-11,230.6519807082011,4.998857667911728,1.652748897337595e-05,421.22518372156924,0.8680993606440656
E4-candidate_0369,candidate_0369,IrOs3,control,5,382.80093481224435,115.37504618930585,4.955607509563714,-84.45433612469212,3.4363045809693315e-05,7,382.80093483773817,-2.5493818611721508e-08,2.5493818611721508e-08,6.659810959586042e-11,115.37504619206707,4.955607462857366,3.436304580764816e-05,383.3257906442982,1.045862993564568
E4-candidate_0370,candidate_0370,Cr3Os13,priority,5,367.52675256559377,223.33720302290507,4.862694978217531,-173.66913369283148,5.4490002696829984e-05,5,367.52675252520294,4.0390830235992325e-08,4.0390830235992325e-08,1.0989902084263253e-10,223.33720302632423,4.862694950154128,5.44900026974946e-05,420.03481994589384,1.1585917410627256
E4-candidate_0374,candidate_0374,Ir7Os5,priority,5,365.1782175135099,173.5241912036692,5.176571580112767,-117.83568001988046,5.8625806086213094e-05,7,365.17821746959345,4.391642960399622e-08,4.391642960399622e-08,1.2026026609227569e-10,173.52419120507682,5.176571565427046,5.8625806086168025e-05,400.74125261840004,-0.5041182958500053
E4-candidate_0376,candidate_0376,ReOs5,priority,5,390.61704680842973,173.9231994194453,4.920813892197577,-136.7941144595541,5.157388868836014e-05,5,390.61704673273226,7.569747140223626e-08,7.569747140223626e-08,1.9378947241396235e-10,173.92319940909718,4.920814009550148,5.157388869341668e-05,420.8132960018495,-0.5394506711894144
E4-candidate_0377,candidate_0377,IrOs2,priority,5,384.04568810141853,86.37448611277732,5.022561264985516,-62.69061148926357,4.036682084438914e-05,5,384.04568792592295,1.7549558606333449e-07,1.7549558606333449e-07,4.5696538610058587e-10,86.37448610496604,5.022561445201581,4.036682084499319e-05,401.922128248243,1.5753145217182007
E4-candidate_0383,candidate_0383,Ir4OsRuW4,screened,5,327.53721372307547,150.75838560865031,4.9086091506419205,-108.83915465333673,8.176515211692946e-05,5,327.5372137159717,7.1037788984540384e-09,7.1037788984540384e-09,2.1688463481325748e-11,150.75838558046658,4.908609515016179,8.176515211959649e-05,344.55076931611376,-0.6479950960649324
E4-candidate_0388,candidate_0388,ReOs,priority,5,379.1156528954154,147.11927366972208,4.984228367013724,-118.1515048239404,0.00015833797523752353,7,379.11565238931723,5.060981607130088e-07,5.060981607130088e-07,1.334943987470325e-09,147.11927362857952,4.984228922776064,0.0001583379752459659,412.9511350529911,-0.5711806825511836
E4-candidate_0393,candidate_0393,Ir4W,control,5,316.93392956544966,231.4929095646101,5.10008164920758,-146.5319527739801,8.680776553430023e-05,5,316.93392948271105,8.273860885310569e-08,8.273860885310569e-08,2.6105948639878626e-10,231.49290953292143,5.100081918763276,8.680776554012703e-05,301.5424283625603,1.317127085690156
E4-candidate_0396,candidate_0396,ReOs5,priority,5,395.71871875180483,86.71595684234862,4.861699360807239,-68.85777610275285,3.4700601801757824e-05,7,395.71871882902946,-7.722462669335073e-08,7.722462669335073e-08,1.9515029999557762e-10,86.71595683730398,4.861699471390707,3.4700601805571905e-05,400.4138234700916,1.042829241458977
E4-candidate_0397,candidate_0397,ReOs7,priority,5,376.05600182525063,231.64309301610137,7.137117512969668,-180.94278725016488,0.003782004552049968,5,376.05599872965604,3.0955945931054885e-06,3.0955945931054885e-06,8.231738367590539e-09,231.64309231218294,7.137123605673472,0.003782004552133329,428.0691363194475,1.2370665438992354
E4-candidate_0399,candidate_0399,IrOs2,priority,5,384.091995508665,86.38705039187944,5.024912588026098,-62.60994269200481,4.2297167927169645e-06,5,384.09199549938415,9.280824997404125e-09,9.280824997404125e-09,2.4163026322216093e-11,86.38705039140191,5.024912598998442,4.229716791292227e-06,408.8149839775375,1.0519907490928802
E4-candidate_0400,candidate_0400,ReIr(Os3W)4,screened,5,357.830021561973,267.24082210065524,5.520105723743263,-206.70622154103245,0.001108133087647738,5,357.8300216346862,-7.271319191204384e-08,7.271319191204384e-08,2.0320595678323988e-10,267.2408219843245,5.520106572705148,0.0011081330876575996,362.4332700305499,-0.6699776003735006
E4-candidate_0403,candidate_0403,Ir5Os11,priority,5,380.56598260090044,230.84717865119393,5.076033297666393,-166.88619535991478,2.7944626847847232e-05,5,380.56598262355675,-2.2656308829027694e-08,2.2656308829027694e-08,5.953319493465753e-11,230.84717865883928,5.07603323356971,2.7944626849298667e-05,431.27415514063335,-0.4902039228194933
E4-candidate_0404,candidate_0404,IrOs,priority,5,370.9102036923632,173.34334891176866,5.134971730907668,-120.01025716425191,5.865226637079108e-05,5,370.91020368671406,5.649155809805961e-09,5.649155809805961e-09,1.5230521440648934e-11,173.3433489040758,5.134971817684577,5.865226636917897e-05,401.3331565759696,-0.502044675559934
E4-candidate_0407,candidate_0407,Ir3Os,priority,5,357.4569198190091,173.80065657264157,5.24001657950441,-113.33861508033506,4.895367944050491e-05,7,357.4569197911159,2.7893179321836215e-08,2.7893179321836215e-08,7.803228243038607e-11,173.80065657059203,5.240016602988839,4.895367943914525e-05,416.9474214294954,-0.4871027458922782
E4-candidate_0411,candidate_0411,ReOs5,priority,5,386.929366041774,174.20875120534436,5.0340081632561375,-135.83816693874348,0.0002760429292578648,5,386.9293658574162,1.8435781612424762e-07,1.8435781612424762e-07,4.764637486630664e-10,174.20875122897206,5.034007905324672,0.00027604292925798756,406.52252816488414,-0.5229113639155969
E4-candidate_0412,candidate_0412,IrOs3,priority,5,383.08961310070083,57.73593534925388,5.064351555600967,-42.2217435732866,0.00012072351022012388,7,383.0896122854419,8.152589430210355e-07,8.152589430210355e-07,2.1281155032039403e-09,57.735935326152266,5.064352354867744,0.00012072351022220897,430.4122802136181,0.29163143865173236
E4-candidate_0413,candidate_0413,ReOs6,priority,5,396.56871560828876,202.17425477591956,4.8803515244600515,-160.0903599733382,2.7097637534981117e-06,5,396.56871560465135,3.637410372903105e-09,3.637410372903105e-09,9.172207059644424e-12,202.17425477615146,4.88035152277855,2.7097637516894024e-06,413.8343111960106,1.0585924601858192
E4-candidate_0414,candidate_0414,IrOs3,priority,5,384.0602816841645,230.7369704732549,5.053686879683635,-169.0808146628173,8.193048335224539e-05,5,384.060281759887,-7.572248250653502e-08,7.572248250653502e-08,1.9716301347161022e-10,230.73697048697142,5.053686762169478,8.19304833552892e-05,401.6661802982257,-0.5210636457932174
E4-candidate_0416,candidate_0416,Ir5Os7,priority,5,379.81715352408816,172.95647648296122,5.049043792607716,-122.86013707387788,2.1110408685684794e-05,7,379.8171535311392,-7.051028205751209e-09,7.051028205751209e-09,1.8564270044673305e-11,172.9564764824517,5.049043798065813,2.1110408687269627e-05,419.0448484240044,-0.5019974758614074
E4-candidate_0433,candidate_0433,Re3Ir5Os11,screened,5,363.74527505768435,283.88012590856613,4.972885264345828,-203.98602064109008,8.383140398644249e-05,5,363.7452750287553,2.892903694373672e-08,2.892903694373672e-08,7.953103154796933e-11,283.8801258984877,4.972885334475976,8.383140398461748e-05,375.13831959053135,-0.6390871824484389
E4-candidate_0435,candidate_0435,Ir6Ru4Rh,screened,5,280.5444407410483,165.6594086575238,5.53922886896726,-95.57688098986127,7.305954135990442e-05,8,280.5444406577667,8.328157719006413e-08,8.328157719006413e-08,2.968569863469812e-10,165.6594086460225,5.539229005286684,7.30595413584945e-05,277.54823430452484,-0.7000882741482589
E4-candidate_0440,candidate_0440,B2IrOs3,control,5,331.57117386446913,147.11104466528224,4.669056562821719,-111.65534407176177,1.342976183485229e-05,5,331.57117387930225,-1.4833119621471269e-08,1.4833119621471269e-08,4.4735853988533955e-11,147.111044669051,4.669056512613991,1.3429761834643167e-05,330.3532004136114,-0.08560331491091688
E4-candidate_0446,candidate_0446,Re,control,5,365.91329308190797,45.125041313798114,4.548414808020228,-37.1474371219753,8.877969117411493e-06,5,365.9132929510966,1.3081137240078533e-07,1.3081137240078533e-07,3.574928129715909e-10,45.125041311071556,4.548414928654608,8.877969117060728e-06,384.20140959902346,0.4082247428434046
E4-candidate_0451,candidate_0451,Re4Os11,screened,5,346.6947526649166,228.38195917080114,5.409838020889474,-169.6099296875562,0.00046717103176002246,5,346.6947537305689,-1.0656522704266536e-06,1.0656522704266536e-06,3.073747897710667e-09,228.3819592746749,5.409837106135722,0.00046717103177390285,373.8984334171052,-0.7013278422721831
E4-candidate_0460,candidate_0460,Re3Ir8,control,5,357.447347947491,160.61326329569633,5.098513180676445,-109.41412661376766,9.018249922212512e-05,7,357.4473480159139,-6.842293487352435e-08,6.842293487352435e-08,1.914210169786407e-10,160.6132632943189,5.0985131945126305,9.018249921968231e-05,366.3557230042426,-0.5566021394639371
E4-candidate_0473,candidate_0473,B4OsW2,control,5,311.946902316075,141.06897676140645,4.500817733064519,-128.30250952386262,5.6680933882706355e-05,5,311.94690270995187,-3.9387686001646216e-07,3.9387686001646216e-07,1.262640714156052e-09,141.06897679099322,4.500817315244584,5.668093389235123e-05,319.97868424326595,0.392303338279108
E4-candidate_0477,candidate_0477,Ir5Os10Ru3,priority,5,372.32220081889517,257.17214364721696,5.000490796969551,-184.6505364535851,8.332937357643357e-06,5,372.3222008239284,-5.0332573664491065e-09,5.0332573664491065e-09,1.3518552896686758e-11,257.17214364768824,5.000490793326402,8.332937354706038e-06,403.1658725607475,-0.48450397793244293
E4-candidate_0479,candidate_0479,Re3Os13,control,5,395.407662531775,231.39323723263846,4.8684992446557285,-184.0705304186603,3.0142554658714856e-05,5,395.40766251669163,1.5083344351296546e-08,1.5083344351296546e-08,3.814631273277316e-11,231.3932372317944,4.868499252023875,3.0142554655050096e-05,394.4014253859223,-0.5287126331426486
E4-candidate_0482,candidate_0482,B6IrOs5,control,5,300.2377987698952,124.14942830029808,6.245356813541005,-105.09996408942166,0.00023332129064358842,7,300.23779894266613,-1.7277091046707937e-07,1.7277091046707937e-07,5.754468993428505e-10,124.14942824294593,6.245357717874589,0.00023332129064563658,375.5055930922535,0.3657254723053539
E4-candidate_0484,candidate_0484,Re8Ir4W,screened,5,358.66630263886594,194.62147767726137,4.8400928201997475,-149.0930496129323,5.65670237748525e-05,5,358.666302722871,-8.400508022532449e-08,8.400508022532449e-08,2.3421514535262123e-10,194.62147768205008,4.84009277022395,5.656702377407703e-05,344.06021127312863,-0.6497395950235363
E4-candidate_0486,candidate_0486,Ir6Os5,screened,5,323.5128033460362,167.95475913417252,5.41216420704209,-106.33042984927641,0.00014760004143787145,8,323.5128029920358,3.540004058777413e-07,3.540004058777413e-07,1.0942392468048816e-09,167.9547590850463,5.412164789028232,0.00014760004144427814,347.3150100564409,-0.7085437544786457
E4-candidate_0489,candidate_0489,ReIr2Os13,priority,5,380.6681891021973,231.20484393503563,5.5321738312703745,-175.21686518559434,0.0005504256814129072,5,380.6681890036491,9.854818472376792e-08,9.854818472376792e-08,2.588821119560984e-10,231.2048440615977,5.532172763451308,0.000550425681430255,432.4214897942888,-0.5077194878597371
E4-candidate_0492,candidate_0492,MoOs4,priority,5,299.16202022780436,150.00013285741383,6.045634609249417,-109.71445811308743,0.007115901211511464,9,299.1620878180798,-6.759027542102558e-05,6.759027542102558e-05,2.2593195519522906e-07,150.0001362951091,6.045587452448134,0.007115901212228078,410.26928409603397,1.3140687730688385
E4-candidate_0493,candidate_0493,IrOs3,priority,5,381.6221955217778,173.06161910075,5.1474674824950215,-126.66797474729027,0.00015358823168990104,5,381.6221954238069,9.797093980523641e-08,9.797093980523641e-08,2.56722331615004e-10,173.06161908729382,5.147467637549426,0.00015358823169005762,406.16752197663027,-0.49644311424115384
E4-candidate_0494,candidate_0494,Re11Os5,control,5,379.3243566550954,236.8017222061802,4.728219834383334,-193.4711271673865,0.00013563443356626087,5,379.3243568592069,-2.04111472612567e-07,2.04111472612567e-07,5.380921865988339e-10,236.8017222313152,4.728219623160433,0.0001356344335681793,348.7961978314971,-0.610075009053409
E4-candidate_0502,candidate_0502,Os5Ru,priority,5,385.4952688176075,171.08126567849362,4.943571008418457,-130.8807562169343,8.972416023197638e-06,5,385.4952687566203,6.09871904089232e-08,6.09871904089232e-08,1.5820477020543416e-10,171.0812656738022,4.943571063243098,8.972416020439389e-06,408.4764717306419,1.087439420028757
E4-candidate_0508,candidate_0508,Re2Os7,control,5,387.5729662846205,130.98751820516293,4.879455237732994,-102.54009008207883,7.79857983002455e-05,5,387.57296633757716,-5.2956636409362545e-08,5.2956636409362545e-08,1.3663655881312725e-10,130.9875181917458,4.879455435701402,7.79857983035447e-05,392.9266232005005,1.196646887197623
E4-candidate_0515,candidate_0515,Re5Ir6,screened,5,326.39190126669695,170.33607097140876,5.048101716426702,-114.39330304276966,6.580394984534935e-05,7,326.391901066184,2.005129431381647e-07,2.005129431381647e-07,6.143318583677288e-10,170.33607094916326,5.048101976195858,6.58039498482711e-05,360.08247137496323,-0.6999761799169648
E4-candidate_0516,candidate_0516,Re3Ir9Os7,screened,5,335.7414084648342,286.02878717524624,5.5157647147271565,-193.7285265763225,0.00030033451458133726,8,335.7414086816298,-2.1679562678400544e-07,2.1679562678400544e-07,6.457220383845595e-10,286.02878717769676,5.515764692833815,0.000300334514580161,358.0824341006568,-0.6495381340556532
E4-candidate_0517,candidate_0517,ReIr2Os,control,5,370.9772921769243,58.195840345281205,4.94549281302368,-41.55769196745516,9.148417688512476e-06,5,370.97729220199955,-2.5075223675230518e-08,2.5075223675230518e-08,6.759234110096662e-11,58.195840345807134,4.945492794776836,9.148417688747148e-06,376.1281850022172,0.23712988946405536
E4-candidate_0522,candidate_0522,Ir3Os8,control,5,380.88049511060905,158.68297082571814,5.078882847469417,-115.58181723095099,9.372939984307873e-05,6,380.8804950911627,1.9446360965957865e-08,1.9446360965957865e-08,5.105633188515845e-11,158.6829708229255,5.078882881829407,9.372939984331676e-05,394.82666540818906,-0.5107567635256135
E4-candidate_0523,candidate_0523,Re2Mo3Os5,control,5,339.9856384790224,149.1034861443842,4.781428806601326,-113.79414705336833,2.6340845694739178e-05,5,339.98563846571886,1.3303520063345786e-08,1.3303520063345786e-08,3.91296530152911e-11,149.1034861426585,4.7814288295729,2.6340845690690062e-05,326.5121025405314,-0.634448657945506
E4-candidate_0539,candidate_0539,Ir3Os13,priority,5,382.2300415514492,230.66058765689405,5.347323229985664,-171.48324701568993,0.00020302670490269983,7,382.2300416854832,-1.3403399634626112e-07,1.3403399634626112e-07,3.506631654467144e-10,230.66058766067363,5.347323194814571,0.00020302670490817743,413.5321388859416,0.2674498932903233
E4-candidate_0542,candidate_0542,IrOs3,priority,4,387.0407066488287,230.2391577651299,5.063653509741739,-170.17703070383646,1.6876018542857157e-12,4,387.04070665035664,-1.5279510989785194e-09,1.5279510989785194e-09,3.9477788065296035e-12,230.23915776511933,5.063653509762614,1.4210854715202004e-14,409.69230699016623,-0.5088345908035797
E4-candidate_0543,candidate_0543,Re7W3,screened,5,339.9573592291118,154.72494568223453,4.485621547178956,-124.27932590726219,8.642046952408552e-06,5,339.9573592398358,-1.072402255886118e-08,1.072402255886118e-08,3.1545199029786294e-11,154.72494568461875,4.485621517217309,8.642046953851553e-06,361.85897013711514,-0.7256820093166555
E4-candidate_0549,candidate_0549,Re5Ir4W,control,5,356.8000425736619,148.92302770755046,4.698996741808391,-110.96705031930185,4.7184213179093004e-05,5,356.80004255115585,2.2506071672978578e-08,2.2506071672978578e-08,6.307754761478705e-11,148.92302770966387,4.698996714706902,4.718421317743606e-05,356.8466678745009,-0.6104570860347079
E4-candidate_0550,candidate_0550,Ir9OsW5,screened,5,306.90848259667354,234.03608892666546,5.126145511743867,-156.15473699462564,0.0001380264710577912,6,306.90848237462944,2.2204409333426156e-07,2.2204409333426156e-07,7.234863357840409e-10,234.03608889550736,5.126145777287916,0.00013802647106037164,318.48596366545456,-0.7670457971995124
E4-candidate_0554,candidate_0554,Re2(Os3W)3,screened,5,311.4384523627829,218.23632905175506,4.657359463284091,-161.1203152529274,0.0005604951119109952,5,311.43844925806513,3.1047177913023916e-06,3.1047177913023916e-06,9.968961117995262e-09,218.23632867430265,4.6573629051722865,0.0005604951120281882,351.39116953153643,-0.7233104254658657
E4-candidate_0560,candidate_0560,IrOs15,priority,5,393.0198674900596,230.54244018295208,4.956398098388869,-175.85499061922522,7.063324977300939e-05,5,393.0198674945052,-4.445610102266073e-09,4.445610102266073e-09,1.1311413162410237e-11,230.5424401851966,4.956398079276248,7.063324977407629e-05,453.68529843986425,0.29859220925786734
E4-candidate_0563,candidate_0563,IrOs,priority,5,374.52121682000353,57.755894870606745,5.083969521785054,-40.04854013581915,5.866553335075491e-05,7,374.5212168200512,-4.7691628424217924e-11,4.7691628424217924e-11,1.2734025812783965e-13,57.755894878953306,5.083969239988349,5.86655333512488e-05,404.5366638626629,1.039409273159444
E4-candidate_0565,candidate_0565,IrOs2,priority,5,378.19494579868064,173.16122478217946,5.091073691666903,-124.42599092387066,4.0142914699524385e-05,7,378.1949457644703,3.421035899009439e-08,3.421035899009439e-08,9.045694389422033e-11,173.1612247760281,5.0910737612100325,4.014291470097229e-05,406.77699087819866,-0.4960590165144736
E4-candidate_0568,candidate_0568,Ir5Os11,priority,5,381.21187810336244,230.83741366835818,5.066312538210564,-166.78333666645796,4.117140327183882e-05,5,381.21187802171465,8.164778364516678e-08,8.164778364516678e-08,2.1417953729268622e-10,230.83741365968828,5.06631261330861,4.117140327066486e-05,424.9168593128116,0.6791160859857076
E4-candidate_0574,candidate_0574,Os5Ru,priority,5,385.1479459911981,85.573712579683,4.93244363039119,-65.41795260379087,2.044604455613921e-05,7,385.14794607136196,-8.016382935238653e-08,8.016382935238653e-08,2.0813775633515494e-10,85.57371258701006,4.932443461925757,2.0446044558381602e-05,410.1146795396092,-0.47798311346107314
E4-candidate_0583,candidate_0583,IrOs2,priority,5,381.8681475642942,86.46291013683694,5.030377015643532,-62.61123673516954,4.994277660993685e-05,7,381.86814768750787,-1.2321368103584973e-07,1.2321368103584973e-07,3.2266027366251697e-10,86.46291014229064,5.030376889983787,4.9942776609863356e-05,416.22683375317837,1.0640351549372196
E4-candidate_0591,candidate_0591,Ir3Os13,priority,5,385.6434404462615,230.5590012259618,5.161719365270728,-171.48215925745092,0.00025559420975456495,6,385.6434405284419,-8.218040647989255e-08,8.218040647989255e-08,2.1309945364889877e-10,230.5590011804612,5.1617197476654235,0.000255594209759937,424.63709174538695,0.8637378873472993
E4-candidate_0594,candidate_0594,Re2(IrOs2)3,screened,5,334.2949456963561,168.68778469341322,5.219323395078444,-116.02857631270886,0.00016428065341068932,5,334.2949455668681,1.2948800076628686e-07,1.2948800076628686e-07,3.8734657069586397e-10,168.68778468430367,5.219323505070526,0.00016428065341139538,360.8613018960714,-0.6876469597602612
E4-candidate_0595,candidate_0595,Re3W2,screened,5,321.0533591839285,156.03312379052258,4.764508773765113,-124.9699194223032,1.802473357348554e-05,5,321.0533591471331,3.67953703062085e-08,3.67953703062085e-08,1.1460827073715751e-10,156.0331237834006,4.764508863482514,1.802473357410003e-05,325.2438222470385,-0.7766575251424206
E4-candidate_0603,candidate_0603,IrOs2,priority,5,379.9136207415119,173.09459860840943,5.049409664167854,-124.44576136638223,5.211920245056455e-05,5,379.91362074623027,-4.71834482596023e-09,4.71834482596023e-09,1.241952003903521e-11,173.0945986001002,5.049409757599735,5.2119202450506304e-05,403.6537642292547,-0.4978772219088261
E4-candidate_0619,candidate_0619,Re2Ir7,control,5,353.3773629700908,262.8916093251973,5.17756525355178,-175.28543471612136,9.045651551463528e-05,5,353.377362948074,2.2016820366843604e-08,2.2016820366843604e-08,6.230399192287482e-11,262.89160930785494,5.1775653828151835,9.045651551092753e-05,364.937590272913,-0.5649170808798281
E4-candidate_0625,candidate_0625,IrOs,priority,5,371.67384554286804,86.70741235458699,5.123175349090576,-60.153212654313194,3.486205919965012e-05,7,371.6738455386267,4.241314854880329e-09,4.241314854880329e-09,1.1411389060034208e-11,86.70741235525524,5.123175333597637,3.4862059199650064e-05,401.3407587876167,-0.5176184202460222
E4-candidate_0629,candidate_0629,Re2Ir2Os,control,5,361.7159783383569,73.4510245457584,5.092433240250126,-53.91818346327281,4.535454820835628e-05,7,361.71597833050413,7.852747785364045e-09,7.852747785364045e-09,2.170970666435116e-11,73.45102454857135,5.092433166149191,4.535454820928317e-05,376.49148594505454,-0.5745948058939147
E4-candidate_0631,candidate_0631,ReOs,control,5,384.98399520911244,58.681444598244305,4.732463859705118,-47.51228110327272,2.4524781235787685e-05,5,384.9839952333363,-2.4223879790952196e-08,2.4223879790952196e-08,6.29217839985017e-11,58.6814446026315,4.732463714316347,2.4524781236293184e-05,397.21601238360034,1.0269051696632818
E4-candidate_0632,candidate_0632,Re2Ir2Os,screened,5,337.34469526614146,153.76949777330526,4.948229189758671,-104.77846074528112,3.388795171496852e-05,5,337.3446953185718,-5.2430323194130324e-08,5.2430323194130324e-08,1.5542062442872475e-10,153.76949777721615,4.948229138418397,3.3887951714416316e-05,313.1912267246808,-0.759635916515615
E4-candidate_0633,candidate_0633,Re5Os11,priority,5,384.928180027852,233.34804772555273,5.123679832683649,-185.4330075064109,0.0002611244293033836,5,384.9281791732525,8.545995342501556e-07,8.545995342501556e-07,2.220153214258467e-09,233.3480476169709,5.123680759606688,0.00026112442933048,425.41897038564986,0.23782573779282815
E4-candidate_0635,candidate_0635,ReIr5,control,5,350.6239155048094,87.59786815238364,5.201601225541404,-57.06345513671046,4.0683084988073846e-05,7,350.6239154827511,2.2058316062611993e-08,2.2058316062611993e-08,6.291161295213232e-11,87.59786815776943,5.201601107129741,4.068308498816587e-05,369.8085292891852,-0.5589247834116714
E4-candidate_0636,candidate_0636,Os3W,priority,5,372.55467788690066,236.64029831244434,4.737610745996612,-187.18453969458776,2.7330244613206217e-05,5,372.55467779790155,8.899911563275964e-08,8.899911563275964e-08,2.388887348262976e-10,236.64029829859257,4.737610861585157,2.733024461934376e-05,405.1652661799253,0.1984893959529537
E4-candidate_0639,candidate_0639,Re2Os,control,5,376.120731637307,178.09481797728068,4.718495077081732,-143.51341629390367,2.8095783460613867e-05,5,376.1207316322972,5.0098378778784536e-09,5.0098378778784536e-09,1.3319760004019579e-11,178.09481797778108,4.718495071572614,2.809578345495256e-05,388.9341282521252,-0.5984483762159701
E4-candidate_0641,candidate_0641,Os7Ru,priority,5,384.8152756633068,229.34707869904847,4.946842960494639,-174.21364647172882,2.7677239311892547e-05,5,384.8152756580587,5.248125489742961e-09,5.248125489742961e-09,1.3638038356893009e-11,229.34707869518124,4.946842993425295,2.7677239312066718e-05,424.2867577780877,1.0726209867541021
E4-candidate_0648,candidate_0648,Os7W,priority,5,383.4843601366119,233.61934049573995,4.838510992391554,-182.6559385955377,3.517630469948166e-05,5,383.4843600590719,7.753999398119049e-08,7.753999398119049e-08,2.0219858241219077e-10,233.61934048716557,4.838511065191857,3.517630469575561e-05,409.4264236231187,0.22710689750983196
E4-candidate_0655,candidate_0655,Os3W,control,5,357.39489294045075,178.5479388674455,5.064394257796154,-139.14896664187705,8.022622871929927e-05,5,357.3948928172683,1.231824171554763e-07,1.231824171554763e-07,3.446675361935235e-10,178.5479388244314,5.0643947300756125,8.022622873580077e-05,373.74222818458196,-0.6082792789298163
E4-candidate_0656,candidate_0656,Re,control,5,356.4806545385997,45.55891547129497,4.675531179623938,-36.23056245375519,1.8348642036298342e-07,5,356.48065453750917,1.0905409908446018e-09,1.0905409908446018e-09,3.0591870188845107e-12,45.55891547126215,4.675531181051377,1.834864197380214e-07,366.61113822047497,1.424148614466443
E4-candidate_0679,candidate_0679,Re2Os3,priority,5,384.3083073596732,146.31385683144904,4.84948949714631,-117.20647004529388,3.5582525910823915e-05,5,384.30830730434445,5.5328769121842925e-08,5.5328769121842925e-08,1.4396974530666736e-10,146.31385682157207,4.849489629080422,3.5582525911474464e-05,400.57604424810165,-0.5527498515431837
E4-candidate_0680,candidate_0680,ReOs5,priority,5,396.14616328431543,173.42888516535774,4.881492516643254,-137.7302214141214,4.1761797247766694e-05,5,396.14616326698206,1.733337740006391e-08,1.733337740006391e-08,4.375500511507443e-11,173.42888515592333,4.8814926234051335,4.1761797248192054e-05,406.3306418543264,-0.5165936437560955
E4-candidate_0682,candidate_0682,IrOs15,priority,5,388.61597830536203,230.5744615236205,5.3821513729646995,-175.922458694338,0.00043655640062539283,5,388.61597846412184,-1.5875980352575425e-07,1.5875980352575425e-07,4.0852618606471276e-10,230.57446158306195,5.382150866130487,0.00043655640063335055,419.96463057279897,-0.5192342114020828
E4-candidate_0687,candidate_0687,Ir5Os11,priority,5,378.5991556936477,230.9624529611737,5.167276000428266,-166.85943094269527,7.22708706020487e-05,6,378.599155642741,5.0906692194985226e-08,5.0906692194985226e-08,1.344606596086086e-10,230.96245295906556,5.167276019886843,7.2270870600578e-05,430.0516920116176,-0.49137461081349876
E4-candidate_0691,candidate_0691,Re3(IrW)2,screened,5,341.66473871993196,106.39275031532841,4.722603342528887,-81.2649354750187,7.459731108913098e-05,5,341.6647389197023,-1.997703407141671e-07,1.997703407141671e-07,5.846969791082741e-10,106.39275033754497,4.722602930921139,7.459731108975223e-05,347.56271721574626,-0.6848512613709719
E4-candidate_0704,candidate_0704,Re4Ir7,control,5,360.4639020354412,161.00205557152395,5.06935530389045,-113.02632281404566,0.00011629379526035833,5,360.46390192738573,1.080554739019135e-07,1.080554739019135e-07,2.997678084383632e-10,161.0020555731291,5.069355287537842,0.00011629379525882625,363.31116858424633,0.8519906085771699
E4-candidate_0706,candidate_0706,Re2Os5W3,screened,5,349.4269500947887,301.9205502921868,4.9402859637761605,-238.07184988587076,0.00035934149179040045,5,349.42695014535445,-5.05657453686581e-08,5.05657453686581e-08,1.4471049055496087e-10,301.9205503360856,4.940285679438279,0.0003593414917880616,365.2207773369966,-0.6543868059452417
E4-candidate_0709,candidate_0709,Re9Os,screened,5,367.67879276012843,150.10437022171976,4.7655974768817035,-122.1557133123589,0.00038667920565002583,5,367.6787933858098,-6.256813662730565e-07,6.256813662730565e-07,1.7017064283512306e-09,150.1043702678119,4.765596864699411,0.00038667920565015176,351.89298716054424,-0.6759276400293289
E4-candidate_0713,candidate_0713,IrOs8,priority,5,387.56048251753924,129.7808553125477,5.004448418684126,-97.71329046801334,1.9115120952325205e-05,7,387.5604825260995,-8.560277819924522e-09,8.560277819924522e-09,2.208759201693905e-11,129.78085531281926,5.004448413789494,1.91151209522056e-05,404.1500511466153,0.8896879494288886
E4-candidate_0714,candidate_0714,IrOs3,priority,5,381.5182067964955,230.7281835670301,5.164514916205941,-169.61148100319463,0.00016183483409946706,5,381.51820672053,7.596554496558383e-08,7.596554496558383e-08,1.9911381325303348e-10,230.7281835634276,5.164514948607753,0.00016183483410379813,407.0598386762846,-0.5199036507024094
E4-candidate_0715,candidate_0715,Ir5Os,screened,5,315.12695735250844,278.0853841788394,5.234327564974462,-161.94957532850322,9.667814833414016e-05,5,315.1269575339054,-1.8139695612262585e-07,1.8139695612262585e-07,5.756313504315442e-10,278.0853842271991,5.2343272211976455,9.667814834778494e-05,324.8360072238298,-0.7430144102587691
E4-candidate_0716,candidate_0716,Re5B2,control,5,324.00940957302083,89.78772249351,4.646154933773725,-75.2737033847073,0.00010765155851190819,5,324.009409889167,-3.1614615636499366e-07,3.1614615636499366e-07,9.757314038290953e-10,89.78772246862214,4.64615546546367,0.00010765155851287004,370.53138701420517,-0.12875841370179864
E4-candidate_0719,candidate_0719,Re5Os4,screened,5,349.8077546609932,272.92791346897235,5.2288642891031065,-210.60476565496157,0.0005575937336489363,7,349.8077554994052,-8.38411949644069e-07,8.38411949644069e-07,2.3967791921797305e-09,272.92791350302315,5.228864022481385,0.0005575937336515939,360.4829949402498,-0.6842002380496742
E4-candidate_0721,candidate_0721,Ir3Os7,priority,5,378.72184384264546,144.3473379596591,5.069409887519141,-104.47096945766133,2.9683323922206525e-05,7,378.7218438498752,-7.229743914649589e-09,7.229743914649589e-09,1.9089851911249802e-11,144.34733796870754,5.069409765245149,2.9683323921761494e-05,401.29236015118266,-0.4999211084752423
E4-candidate_0730,candidate_0730,Os3W2,screened,5,341.86526871604025,151.85600978295386,4.88102501000412,-118.05041450367061,0.00018683886833155257,5,341.86526869084764,2.5192605335178087e-08,2.5192605335178087e-08,7.369161960105407e-11,151.8560097668945,4.881025216290531,0.00018683886833446064,363.5366861007763,-0.6664619650254573
E4-candidate_0731,candidate_0731,IrOs3,priority,5,381.65096097009564,230.77227949599063,5.072085223382078,-168.93032666636543,0.00010014844283695072,6,381.650961039808,-6.971237098696292e-08,6.971237098696292e-08,1.8266001688304826e-10,230.77227949059915,5.072085266629257,0.00010014844283764088,409.6537315912379,1.0719149786770044
E4-candidate_0735,candidate_0735,ReIr2Os5,priority,5,385.21142802465727,115.54281585784251,5.027356703346636,-86.73783145008994,3.750024733717816e-05,5,385.21142806444266,-3.978539098170586e-08,3.978539098170586e-08,1.0328195916100935e-10,115.54281586627634,5.027356560817582,3.750024733755774e-05,416.21035759653876,-0.5118408711778853
E4-candidate_0736,candidate_0736,IrOs3,priority,5,388.4362515199542,172.59428274919534,5.009540028800431,-127.68913170639225,2.499279607413748e-05,6,388.4362515089813,1.0972939890052658e-08,1.0972939890052658e-08,2.824901086709963e-11,172.59428274698578,5.009540053776396,2.4992796072019635e-05,415.82008284517804,0.5395067148509108
E4-candidate_0737,candidate_0737,Os5W,priority,5,364.9900806471159,176.72474897861244,5.2890662890169935,-137.09130623636375,0.00026670836865081706,5,364.99008080828304,-1.6116712231450947e-07,1.6116712231450947e-07,4.415657596984536e-10,176.72474905229066,5.2890654752657404,0.00026670836866035674,414.95615560391366,1.0251889261101532
E4-candidate_0744,candidate_0744,Os13W2,screened,5,348.7431459208287,229.15543007801293,5.103256793904279,-168.26436513259713,0.00028294831776467155,5,348.74314639049805,-4.696693736150337e-07,4.696693736150337e-07,1.3467486844576751e-09,229.1554300986322,5.103256605582972,0.0002829483177605069,360.0618549430205,-0.7216996947647664
E4-candidate_0750,candidate_0750,Re2Os3,control,5,389.31287058877024,145.99246980485188,4.817886165814722,-117.7654001754991,2.6849494113934572e-05,5,389.3128705753068,1.3463420600601239e-08,1.3463420600601239e-08,3.458252120127875e-11,145.99246979959204,4.817886236065796,2.6849494116600243e-05,368.0135732018135,0.9969591581388687
E4-candidate_0751,candidate_0751,Re4B4(IrOs)5,control,5,241.8484679785414,232.10386645442037,30.1934214042917,-176.31013775358196,0.026815451695598787,10,241.84823545179322,0.00023252674819218555,0.00023252674819218555,9.614572864582026e-07,232.10387166220403,30.19340738852955,0.026815451695976416,358.38512870612095,-0.20911625335238837
E4-candidate_0752,candidate_0752,Re4B,priority,5,354.8365757850275,266.17465527397945,4.622315417486464,-225.57710556138335,0.00021815004493417196,5,354.8365762480397,-4.63012213458569e-07,4.63012213458569e-07,1.3048604468974241e-09,266.17465532687714,4.622315019815362,0.00021815004493976392,403.77728590338876,-0.2721844811352866
E4-candidate_0774,candidate_0774,ReIr3,priority,5,360.6188569656854,116.55216522171854,5.141130208163037,-78.95545925704408,4.5823749590948765e-05,7,360.6188571780788,-2.1239344505374902e-07,2.1239344505374902e-07,5.889693254417532e-10,116.55216523878696,5.141129916958519,4.5823749593857036e-05,404.5977746233244,1.8120148391647761
E4-candidate_0775,candidate_0775,Ir5Os7,control,5,374.1358898420838,173.25850571074042,5.102996078249821,-122.2976951513531,8.32828297857627e-05,7,374.13588989861535,-5.653151902151876e-08,5.653151902151876e-08,1.510988936047752e-10,173.25850572105392,5.102995961119984,8.328282978599089e-05,396.0239282494798,-0.5061633194209088
E4-candidate_0782,candidate_0782,IrOs,control,5,373.84247218261504,86.64316095590426,5.095566519284346,-60.19114899196364,6.4669937185817435e-06,5,373.8424721754866,7.128448942239629e-09,7.128448942239629e-09,1.9068055324900166e-11,86.6431609556347,5.095566525511058,6.46699371771271e-06,394.81649091161495,-0.5279782827046814
E4-candidate_0785,candidate_0785,Re3Os4,control,5,381.10206721048826,102.83295289338942,4.817972584541599,-81.59269897347637,2.1020114397811477e-05,5,381.1020671256159,8.487234026688384e-08,8.487234026688384e-08,2.227023875966248e-10,102.83295288626634,4.817972720854859,2.102011439871327e-05,373.71516311331504,-0.5907228478830111
E4-candidate_0788,candidate_0788,Ir8Os5,control,5,347.90992161601366,190.39092526207062,5.455458540454089,-125.50759839740228,0.00014225347077066977,8,347.9099215809843,3.5029358969040914e-08,3.5029358969040914e-08,1.0068513944603618e-10,190.3909252662164,5.45545849839208,0.00014225347077161771,373.4969239627637,-0.5619188521476908
E4-candidate_0796,candidate_0796,Ir4Os,control,5,356.2709509944827,72.46420345120627,5.1873453724401415,-46.588365290882344,4.041632334695952e-05,5,356.2709509099509,8.453179134448874e-08,8.453179134448874e-08,2.3726826767264147e-10,72.46420344803606,5.1873454605254645,4.041632334733741e-05,373.6266222599208,0.7254109889501423
E4-candidate_0801,candidate_0801,Ir2Os7,priority,5,382.0345315441519,129.8404424831447,5.027128711165842,-95.58833375073728,1.6228419044337124e-05,5,382.03453157892966,-3.477776999716298e-08,3.477776999716298e-08,9.103305361802817e-11,129.84044248571539,5.027128672464612,1.622841904408997e-05,408.6764202943424,1.2454389808758966
E4-candidate_0802,candidate_0802,Ir3Os5,priority,4,379.7724741082767,230.83926456447065,5.019035851089339,-164.43429017592567,7.463519193679528e-15,5,379.77247410826976,6.934897101018578e-12,6.934897101018578e-12,1.8260662827926544e-14,230.8392645644707,5.019035851088883,2.0097183471152322e-14,409.70798124996986,0.27595973739147983
E4-candidate_0803,candidate_0803,Re(BOs2)2,control,5,371.6944647107423,84.32480270214764,4.720523319791377,-70.79409944249376,3.0528400457770944e-05,5,371.6944645636402,1.4710207096868544e-07,1.4710207096868544e-07,3.9576072552325875e-10,84.32480269040522,4.7205235934652965,3.052840046055143e-05,366.93300061494483,-0.02482880337746385
E4-candidate_0806,candidate_0806,Ir4Os7,control,5,376.5638904567134,158.76353238239935,5.097067794293849,-113.39514414636076,3.029158342098864e-05,5,376.56389045223415,4.4792614062316716e-09,4.4792614062316716e-09,1.1895090102378923e-11,158.76353237683944,5.097067862521416,3.029158342173649e-05,397.6302658923715,-0.5059632371810382
E4-candidate_0809,candidate_0809,Os7Ru,priority,5,384.74532131416106,229.31645260591284,4.937765818207602,-174.23284711979102,1.3847264684696222e-05,5,384.7453213242828,-1.0121766536030918e-08,1.0121766536030918e-08,2.630770531839627e-11,229.31645260669066,4.9377658123687285,1.3847264681605995e-05,457.7658821146176,0.3206287701651346
E4-candidate_0814,candidate_0814,Ir7Os9,priority,5,377.74458470860986,230.77279635531232,5.074194810050355,-162.86484948376722,1.3932696834149107e-05,5,377.744584724931,-1.632110979699064e-08,1.632110979699064e-08,4.320673401281311e-11,230.77279635597125,5.074194804080808,1.3932696830033098e-05,420.8544680358122,-0.5017922055481195
E4-candidate_0817,candidate_0817,Re2Ir3Os7,priority,5,386.78425275360615,173.4804132230175,4.946138406621858,-131.09028713252522,1.687492528788973e-06,5,386.7842527504452,3.160948836011812e-09,3.160948836011812e-09,8.172382441979274e-12,173.48041322242412,4.946138411909875,1.687492522363183e-06,408.67023611186113,-0.5203523022798532
E4-candidate_0819,candidate_0819,Ir2OsW,control,5,356.46871720953885,59.044497014991585,4.929280719219019,-42.82138951414495,7.1401276227452264e-06,7,356.4687171656035,4.393535846247687e-08,4.393535846247687e-08,1.232516525203696e-10,59.044497014789286,4.929280727336886,7.140127621789589e-06,362.20497139266723,-0.5933427563741899
E4-candidate_0821,candidate_0821,Re3Os13,priority,5,386.3755896524889,232.29790400093043,5.0939505067975075,-182.48193189247036,0.0005560946735030808,6,386.3755881840843,1.4684046050206234e-06,1.4684046050206234e-06,3.800459060889268e-09,232.29790380578027,5.093952175133143,0.0005560946735481384,433.6169811580709,0.2543025728127285
E4-candidate_0824,candidate_0824,IrOs3,priority,5,380.7398012896028,230.71556079418903,5.334243064548527,-169.20102869334116,0.0009098588482988367,5,380.7398019598803,-6.702775294797902e-07,6.702775294797902e-07,1.7604608870139071e-09,230.71556087969364,5.3342423252812585,0.0009098588483040106,420.79627287293033,1.454226122165073
E4-candidate_0825,candidate_0825,ReIr2W,screened,5,353.985800680197,59.51017946937092,4.83475620006683,-44.33403922533922,9.577444681323145e-06,5,353.98580058054284,9.96541302811238e-08,9.96541302811238e-08,2.815201347559402e-10,59.510179468698304,4.834756224472428,9.577444681311538e-06,343.5379605398997,-0.6378226740167241
E4-candidate_0832,candidate_0832,Os5Ru,priority,5,385.2401054311152,85.56119085434902,4.944636608111068,-65.42692348344073,3.1298704141510566e-05,5,385.2401054823611,-5.124593371874653e-08,5.124593371874653e-08,1.3302336124786704e-10,85.5611908636258,4.9446363967409095,3.1298704142392015e-05,408.57827918420344,-0.4800321926691026
E4-candidate_0834,candidate_0834,ReOs3,priority,5,367.1369441454667,178.56254977600867,4.95278826244232,-135.33186214300252,5.223270695265425e-05,5,367.13694409541,5.0056712552759564e-08,5.0056712552759564e-08,1.3634343630574817e-10,178.56254975948764,4.95278844328956,5.223270695589912e-05,409.94217536906933,-0.5720042860596031
E4-candidate_0838,candidate_0838,ReIr3Os2,control,5,360.39968046663586,174.55363468305103,5.346456941725267,-123.34198284997558,0.00016745929629682828,5,360.3996807564803,-2.898444222410035e-07,2.898444222410035e-07,8.042305188301471e-10,174.55363473139087,5.3464563967522,0.00016745929630758468,354.56874205600093,-0.5664423323748581
E4-candidate_0841,candidate_0841,Ir3Os4Ru,control,5,367.97954408304724,229.65060970799928,5.016109601674533,-160.69754377029966,0.00030638964336142773,5,367.9795442290344,-1.4598714415114955e-07,1.4598714415114955e-07,3.9672624862072656e-10,229.65060968652182,5.0161097798766505,0.0003063896433650216,374.3035772829658,-0.506645730369941
E4-candidate_0844,candidate_0844,Re4IrOs5,priority,5,368.6583320370161,146.67575181675406,5.953666392399609,-114.29199110921277,0.0009665391841405723,5,368.6583322399286,-2.02912474378536e-07,2.02912474378536e-07,5.504079431642343e-10,146.6757519876879,5.953664109006702,0.0009665391841591973,404.6429219249966,-0.5435796096785943
E4-candidate_0845,candidate_0845,IrOs5,priority,5,392.67415510234935,172.47513660709424,4.975446290844843,-130.0691879419643,8.175164639625718e-05,6,392.6741549852302,1.1711915703926934e-07,1.1711915703926934e-07,2.9826041656261945e-10,172.47513659680592,4.975446409349896,8.175164639718865e-05,412.0981662675833,1.0596832630743755
E4-candidate_0848,candidate_0848,Re2Ir2Os5Ru2,control,5,363.2431691499025,158.6475426795249,5.048730756047029,-116.81782113226832,0.00010412431794259057,6,363.2431691305371,1.9365359094081214e-08,1.9365359094081214e-08,5.331238338338021e-11,158.64754265492357,5.0487310578928914,0.00010412431794680762,375.4196301862051,-0.5148712367311656
E4-candidate_0851,candidate_0851,ReIr2Os5,priority,5,383.5174689954663,231.55316118476742,4.941705913584349,-172.28610837248203,2.0586742987284207e-05,5,383.51746903061184,-3.5145546917192405e-08,3.5145546917192405e-08,9.164001578866055e-11,231.5531611911711,4.941705859072924,2.0586742987867024e-05,411.6031613376475,-0.5293388265443003
E4-candidate_0852,candidate_0852,ReIr4,screened,5,327.2864612107648,227.99211969246844,5.33076302065078,-143.71305761490765,7.19744685303815e-05,5,327.2864612034725,7.292271675396478e-09,7.292271675396478e-09,2.2281006212667333e-11,227.99211968008305,5.330763126923338,7.197446852596687e-05,324.1911155545809,-0.7122638015010184
E4-candidate_0853,candidate_0853,Re5Os11,priority,5,384.0283714998348,233.40937114428303,5.138957144547951,-185.23864202206263,0.000285797953593984,7,384.0283714773698,2.2465030724561075e-08,2.2465030724561075e-08,5.849836208230491e-11,233.40937119133267,5.138956753295754,0.00028579795360271195,419.77553905909406,-0.5562006693512132
E4-candidate_0858,candidate_0858,Re4Os11,screened,5,323.6323295726024,229.16987166931565,7.817208101751325,-168.83287953503165,0.0033175020169903826,5,323.6323299259737,-3.533713197612087e-07,3.533713197612087e-07,1.0918912824378127e-09,229.16987210911236,7.817204296188026,0.0033175020170158704,361.18315428070196,-0.7128711428390716
E4-candidate_0859,candidate_0859,Os11W3,screened,5,329.33984505247304,216.40669166357952,4.92789500772095,-158.6481880054863,0.00013591256415223754,5,329.3398453174836,-2.6501055572225596e-07,2.6501055572225596e-07,8.046720112678312e-10,216.40669169266982,4.927894739003311,0.00013591256415282393,366.85168761066274,-0.706289540026949
E4-candidate_0860,candidate_0860,IrW,screened,5,337.5592118002551,30.351189982492095,4.669217911527411,-22.391610437854975,2.9688451499481666e-06,7,337.55921185366145,-5.34063246959704e-08,5.34063246959704e-08,1.582132047373161e-10,30.351189983495384,4.669217845754121,2.968845150155977e-06,340.70337209278733,-0.6721934767793402
E4-candidate_0862,candidate_0862,Re2Ir7,screened,5,305.7114723051139,280.0987057024762,5.6188414170268945,-171.6212342849126,0.0003012488829755572,5,305.7114719427152,3.623986799539125e-07,3.623986799539125e-07,1.1854271534233412e-09,280.09870560661915,5.618842098749436,0.00030124888299348546,320.83688277697985,-0.772116455504549
E4-candidate_0864,candidate_0864,Re4Os,screened,5,338.3275833820616,233.66998885246042,4.844201812498805,-179.68769131037584,7.799892210768903e-05,5,338.3275834147176,-3.2655975701345596e-08,3.2655975701345596e-08,9.652176559697269e-11,233.66998887848973,4.844201596498536,7.799892211691152e-05,326.9115014335644,-0.7718544651694711
E4-candidate_0872,candidate_0872,IrOs6,control,5,384.41975802620203,100.96484209976279,5.088336433674195,-75.51840724603424,3.18667595083364e-05,5,384.41975811507615,-8.887411695468472e-08,8.887411695468472e-08,2.3119029414736854e-10,100.96484210592139,5.088336313211866,3.1866759509447525e-05,398.5173198175911,0.8343510446341457
E4-candidate_0879,candidate_0879,Ir5Os3Ru,screened,5,342.28387724510304,263.53477764715416,5.323065790430366,-172.13113192631536,0.00014935841811162474,7,342.28387749986814,-2.547650979067839e-07,2.547650979067839e-07,7.443093719974644e-10,263.53477767930366,5.323065544989709,0.00014935841811184288,316.9990818768201,-0.6772323561429248
E4-candidate_0883,candidate_0883,Mo2Ir11Os2,screened,5,307.13818583623294,228.3541243231626,5.458724996370171,-140.11499845837128,0.0002168183976631721,7,307.13818592709333,-9.086039653993794e-08,9.086039653993794e-08,2.958290460226455e-10,228.35412429203893,5.458725259176878,0.00021681839766589966,329.58816957404565,-0.6861579223501363
E4-candidate_0884,candidate_0884,IrOs5,priority,5,392.36821803613276,172.47532202385187,4.995920548086146,-130.0839334707949,4.588730741527033e-05,6,392.36821821895046,-1.828177005336329e-07,1.828177005336329e-07,4.659340182124956e-10,172.47532205784862,4.9959201608434585,4.588730742591141e-05,408.7077389314087,1.0562514476255878
E4-candidate_0885,candidate_0885,Ir3Os5,priority,5,376.06736602626137,230.89245766201208,5.23436165911111,-164.71011062945303,0.00014815514457517921,5,376.0673655121768,5.140845473761146e-07,5.140845473761146e-07,1.367001219784036e-09,230.8924576049699,5.2343621552914845,0.00014815514459373314,424.1384508880332,-0.4952894716092565
E4-candidate_0895,candidate_0895,Re11B3IrOs2C,priority,5,354.7016284229085,233.9782657363819,4.847194490700939,-196.99710989412011,0.00023265056966617593,5,354.7016283583437,6.456480150518473e-08,6.456480150518473e-08,1.8202566986796288e-10,233.9782657710872,4.847194204171856,0.0002326505696658549,401.9465600254628,-0.18896564053536158
E4-candidate_0898,candidate_0898,Re3Ir2,control,5,366.58586113228534,147.50681178409226,4.8432917557889965,-110.98883661158669,3.9990760595112413e-05,5,366.58586115533365,-2.3048301045491826e-08,2.3048301045491826e-08,6.287285868814662e-11,147.5068117859622,4.843291730306145,3.9990760595599654e-05,364.03497880381684,0.6649866174986295
E4-candidate_0899,candidate_0899,ReOs3,priority,5,365.37801495650245,174.76729479548672,7.840592562539238,-137.22244496023785,0.0036496018523309746,5,365.3780146936086,2.6289387733413605e-07,2.6289387733413605e-07,7.195120307240937e-10,174.76729507835216,7.8405893861859495,0.0036496018523451616,404.161513748667,-0.5355908601725492
E4-candidate_0902,candidate_0902,Re3Ir9Os7,screened,5,351.36191971025426,284.7323755438753,5.074959157732402,-194.71016324640829,6.93341319072025e-05,6,351.36191967782685,3.242740831410629e-08,3.242740831410629e-08,9.229061687686544e-11,284.73237552063796,5.074959317162784,6.933413191358571e-05,365.04489974138335,-0.6483562898595567
E4-candidate_0908,candidate_0908,Re2Os3,priority,5,381.5607891224098,73.35706251985987,4.843652827054996,-58.119010886406414,1.8316608942494345e-06,6,381.5607891347959,-1.2386124126351206e-08,1.2386124126351206e-08,3.246173212514113e-11,73.35706252037582,4.84365281280112,1.8316608938318908e-06,408.382241713351,0.7054025069685602
E4-candidate_0926,candidate_0926,Re3Os13,priority,5,374.2111009094952,232.45873311127076,5.708654299943143,-182.4477205896453,0.002068736389978705,5,374.2111032092568,-2.2997616042630398e-06,2.2997616042630398e-06,6.145626317712507e-09,232.45873376404927,5.708648802864564,0.002068736390107127,428.0372498259663,-0.5307101845828305
E4-candidate_0927,candidate_0927,Ir11Os4Ru,priority,5,357.85349706651596,231.22909695185135,5.152268940823457,-151.18498633497344,3.004018602843481e-05,6,357.85349713301116,-6.649520400969777e-08,6.649520400969777e-08,1.8581683438175836e-10,231.2290969616143,5.152268856543276,3.0040186028430613e-05,401.443920336989,-0.5062376525527389
E4-candidate_0928,candidate_0928,Ir3W2,screened,5,337.22072333776356,150.554987568187,4.900117003708275,-107.17270546818946,4.040355690424821e-05,5,337.2207233306973,7.066262242005905e-09,7.066262242005905e-09,2.0954412801838212e-11,150.5549875700044,4.900116980798156,4.0403556904206926e-05,335.29725326719915,-0.6501073884196715
E4-candidate_0937,candidate_0937,Ir3Os13,priority,5,385.96452157474965,230.68410731849835,4.984323333861379,-170.99397410313344,6.669856152932762e-05,5,385.9645216974656,-1.227159600603045e-07,1.227159600603045e-07,3.179462182705336e-10,230.68410733053744,4.9843232303294345,6.669856152858165e-05,406.0339324474145,0.6746291534844585
E4-candidate_0939,candidate_0939,Re2Ir5Os7Ru2,priority,5,370.1521104912906,230.2576199289604,5.019494286269201,-167.11896077014026,7.540587993804661e-05,6,370.15211027973345,2.115571646754688e-07,2.115571646754688e-07,5.715411551094215e-10,230.25761991261052,5.019494430400056,7.540587993805832e-05,407.2012966851964,-0.4909360647571053
E4-candidate_0941,candidate_0941,Ir11Os9,priority,5,371.4774535981858,289.0311510319861,5.093298099564986,-198.00829836445155,3.104778233465374e-05,5,371.4774536149572,-1.677142336120596e-08,1.677142336120596e-08,4.514789039818775e-11,289.03115103188736,5.09329809918192,3.1047782331140526e-05,412.8626273987471,-0.5088437918975932
E4-candidate_0944,candidate_0944,Os11W3,screened,5,330.4417325070543,216.96380968897364,4.9731743498159755,-158.60376934740384,0.00016128652315547867,5,330.4417325719409,-6.488659209935577e-08,6.488659209935577e-08,1.9636318813099438e-10,216.96380969954058,4.973174253010838,0.000161286523156216,366.6852407650778,-0.6917987974308482
E4-candidate_0946,candidate_0946,Os,priority,5,395.2297379237572,72.01482005274103,4.992453603103524,-55.71547922949252,3.303041416606182e-05,7,395.2297379453949,-2.1637674763042014e-08,2.1637674763042014e-08,5.4747081723975646e-11,72.01482005568408,4.992453522550978,3.30304141641135e-05,442.0316305319712,-0.49654121310008914
E4-candidate_0951,candidate_0951,Re4N,priority,5,363.1005988194163,132.40162973020293,4.771181057210103,-114.43868947674495,5.4899464547439034e-05,5,363.10059868752904,1.3188724778956384e-07,1.3188724778956384e-07,3.6322509041925633e-10,132.4016297128332,4.771181315174852,5.4899464551238654e-05,406.9437265379691,-0.22571113991085323
E4-candidate_0954,candidate_0954,Os7W3,screened,5,356.1028716162797,149.75483130181632,4.8040962087848715,-116.69002453290737,2.4197508287177798e-05,5,356.10287163699877,-2.0719085114251357e-08,2.0719085114251357e-08,5.818286445994125e-11,149.7548313046448,4.8040961714993555,2.4197508286931383e-05,356.9435701956783,-0.6469414842948091
E4-candidate_0959,candidate_0959,ReIrOs,control,5,373.02442239221074,87.53637651099173,4.955550461662157,-65.5724522813849,1.3926255355704542e-05,7,373.0244223233489,6.886182291054865e-08,6.886182291054865e-08,1.846040601890059e-10,87.53637649930808,4.955550722984786,1.3926255357938052e-05,390.3526325801136,-0.5471684423498413
E4-candidate_0961,candidate_0961,Os9W,control,5,387.96504958978784,145.30387808445624,4.874689177232409,-114.32856258143312,2.0258804666417673e-05,5,387.96504962876134,-3.897349643011694e-08,3.897349643011694e-08,1.0045620466949321e-10,145.30387808830102,4.874689125282812,2.025880466616396e-05,376.0086065553739,-0.5542698409960802
E4-candidate_0970,candidate_0970,Ir5Os9,priority,5,381.7516950752411,201.7209997443246,5.049152210549169,-145.2730900058998,3.673175874723601e-05,5,381.7516951202366,-4.499548822423094e-08,4.499548822423094e-08,1.1786585049755746e-10,201.7209997445358,5.049152207663049,3.673175874153507e-05,406.0738038493062,-0.5121832681289554
E4-candidate_0979,candidate_0979,IrOs3,priority,5,383.1557441057334,173.06921784142042,5.003454281425433,-126.61254490814021,6.117676178138953e-05,6,383.1557440337713,7.196206297521712e-08,7.196206297521712e-08,1.8781413066555618e-10,173.06921784089604,5.003454288556821,6.117676177737599e-05,410.92311853282564,-0.4919048127913187
E4-candidate_0980,candidate_0980,Re2IrOs6,screened,5,418.54560854117994,262.41580194646525,8.897277786866963,-201.1563628821489,0.00446271402017832,14,418.5455537699494,5.4771230566075246e-05,5.4771230566075246e-05,1.3086085868727174e-07,262.4158012589844,8.897275633067231,0.004462714020196397,346.63657128017513,-0.721460924953197
E4-candidate_0982,candidate_0982,IrOs,priority,5,371.6867112846297,115.59899920074281,5.1590943667173805,-80.2534889952435,8.112224620928102e-05,5,371.68671132193055,-3.73008219867188e-08,3.73008219867188e-08,1.0035554366217652e-10,115.59899922328798,5.159093985258537,8.112224621160843e-05,407.688148402518,-0.5085589605122963
E4-candidate_0990,candidate_0990,Re2Os5W3,screened,5,354.11044947170296,150.95918546282434,4.698119795603208,-119.29463841904392,8.732866095529839e-06,5,354.1104494837777,-1.20747358778317e-08,1.20747358778317e-08,3.409878442004254e-11,150.95918546422945,4.6981197769676255,8.732866096160172e-06,352.2977511444656,-0.6745276650292003
E4-candidate_0995,candidate_0995,Re7Os3,screened,5,373.4602698512798,148.7591716027486,4.787103405409279,-119.9250442600791,2.3119964193385147e-05,5,373.4602698501621,1.117712145060068e-09,1.117712145060068e-09,2.9928542211692585e-12,148.7591716001947,4.787103438482743,2.3119964189759314e-05,360.49798358497105,-0.6381215026456141
E4-candidate_1000,candidate_1000,Ir5Os7,control,5,378.81985851027855,173.02799781974772,5.0526510828311375,-122.87175760793632,0.00012321354824332666,7,378.8198584593977,5.088082843940356e-08,5.088082843940356e-08,1.3431404743755537e-10,173.0279978143833,5.052651144736717,0.00012321354824106377,395.25786972965744,-0.5238092479187815
E4-candidate_1005,candidate_1005,ReOs2,priority,5,387.2242023400285,174.9145058425798,4.867059081944007,-139.86621396854244,5.608625164337124e-05,5,387.22420255288864,-2.1286012952259625e-07,2.1286012952259625e-07,5.497077096918366e-10,174.9145058766765,4.8670586980723245,5.60862516648347e-05,420.8120708972712,0.2407169863194917
E4-candidate_1010,candidate_1010,Os,priority,5,381.99709243500536,230.46509111664054,6.815174499163669,-178.07077514848547,0.0032463389569386512,6,381.99709247069075,-3.56853888661135e-08,3.56853888661135e-08,9.34179593758335e-11,230.46509078267178,6.815177342360355,0.0032463389569601805,442.0475869326971,-0.5024216535900318
E4-candidate_1015,candidate_1015,Re4Ir7,control,5,353.9000662017005,161.24644947331296,5.238141386027762,-112.88655885595985,0.00011149012323077871,7,353.9000660375623,1.6413821413152618e-07,1.6413821413152618e-07,4.6379820147901546e-10,161.246449480387,5.238141304908648,0.00011149012323092768,369.4685773417276,-0.5631516816136056
E4-candidate_1016,candidate_1016,Re4C,priority,5,369.98783043960896,132.59837727175366,4.600071852130503,-116.78423877495052,2.360951736709413e-06,5,369.9878304383979,1.2110490388295148e-09,1.2110490388295148e-09,3.2732131686454254e-12,132.59837727137725,4.600071857666885,2.360951735516467e-06,403.56685772671386,-0.2450319560512363
E4-candidate_1019,candidate_1019,IrOs3,priority,5,385.5752523030329,230.60539898918432,4.989063513617345,-169.13327134468588,3.605186348669721e-05,5,385.57525232723196,-2.4199039216910023e-08,2.4199039216910023e-08,6.276087241297493e-11,230.6053989835423,4.989063560070823,3.605186348398268e-05,408.06060117696853,0.8555934339506847
E4-candidate_1020,candidate_1020,IrOs7,priority,5,383.1837325111573,230.63068379908077,5.451543438274632,-173.7279105002752,0.0004782544154948413,5,383.1837332874782,-7.763209168842877e-07,7.763209168842877e-07,2.0259756598327827e-09,230.63068382299858,5.451543216016934,0.000478254415494608,464.09856397080785,0.3085504887302052
E4-candidate_1023,candidate_1023,IrOs5,priority,5,385.57278453917223,259.4715431644871,5.102111320699675,-194.27824342896912,8.821217868728523e-05,6,385.5727845346015,4.570722467178712e-09,4.570722467178712e-09,1.1854370045063522e-11,259.4715431548096,5.102111392607084,8.821217868389526e-05,438.292385380694,0.8981336094290472
E4-candidate_1025,candidate_1025,Os3Ru,priority,5,378.2846921632287,170.47279916112032,4.930009992598846,-128.9026116172311,6.249871491707945e-06,5,378.28469215600774,7.2209900281450246e-09,7.2209900281450246e-09,1.9088771440867686e-11,170.4727991626968,4.9300099751824,6.249871493010184e-06,407.6358820966886,-0.46574334690238706
E4-candidate_1029,candidate_1029,Os3Ru,priority,5,373.54124406186503,228.13665446240827,4.954979694551105,-170.3445845879558,4.381241756002042e-05,5,373.54124406511244,-3.247407676099101e-09,3.247407676099101e-09,8.693571935347095e-12,228.13665445582947,4.954979750759392,4.3812417565269966e-05,429.11599315693496,0.7101814071850977
E4-candidate_1031,candidate_1031,Os2W3,screened,5,315.57931059082387,156.88083801761832,4.6601730151032505,-121.06770447763341,1.9190160791181152e-05,5,315.5793105802331,1.0590781585051445e-08,1.0590781585051445e-08,3.355980962623606e-11,156.88083801831078,4.660173007218338,1.9190160789958334e-05,338.1593809250562,-0.757170974847258
E4-candidate_1033,candidate_1033,Os2W13,control,5,309.03116753306114,239.5955031261297,4.4345399086321695,-189.51938689604395,1.9620802718233367e-05,5,309.0311674874046,4.5656520342163276e-08,4.5656520342163276e-08,1.4774082728734514e-10,239.59550311226621,4.434540022395036,1.962080272250043e-05,298.858601694658,0.6102842221004653
E4-candidate_1034,candidate_1034,Ir7Os5,priority,5,369.3212939814822,173.51185394562165,5.125908567014792,-117.887823836571,7.550523943599533e-05,5,369.3212938473155,1.341667257293011e-07,1.341667257293011e-07,3.6327915006376053e-10,173.51185392887186,5.125908758591763,7.550523943659092e-05,405.3414176904332,-0.5206233520000773
E4-candidate_1035,candidate_1035,Re3Ir5,control,5,360.51433646181573,117.10983367218351,4.996900836164313,-82.61745540209458,8.443991466898226e-06,5,360.5143364722717,-1.0455948995513609e-08,1.0455948995513609e-08,2.9002866010344666e-11,117.10983367308414,4.996900820901962,8.443991468241329e-06,367.67888351631393,-0.5612152464870305
E4-candidate_1048,candidate_1048,Ir5Ru,screened,5,296.1753918732968,276.49435035958504,5.319714287278181,-156.05600548587307,0.00011672345158798878,5,296.1753919840825,-1.1078572015321697e-07,1.1078572015321697e-07,3.7405443919922614e-10,276.4943503776617,5.319714156211759,0.00011672345158713447,313.8299939494729,-0.7358405066272429
E4-candidate_1050,candidate_1050,ReOs3,priority,5,382.5485662535924,232.86175570386467,5.44061621573371,-183.81326822801114,0.00022596520697009914,5,382.5485667633277,-5.097352868688176e-07,5.097352868688176e-07,1.3324720863068266e-09,232.86175578090933,5.440615560370101,0.00022596520698674858,407.2320556976568,0.22255882408694952
E4-candidate_1053,candidate_1053,Re3Os2,control,5,378.052161940531,147.95910501818565,4.740085162290174,-118.83926946153935,5.571665519030633e-06,5,378.0521619585537,-1.802271754058893e-08,1.802271754058893e-08,4.767256837580201e-11,147.95910501993774,4.740085138610068,5.571665520006857e-06,387.10497947523936,-0.5932512872195881
E4-candidate_1064,candidate_1064,ReOs5,priority,5,389.0107048452065,174.15912581580614,4.862611691120064,-135.92730328395083,0.00012113380916299039,5,389.0107046628738,1.823326556404936e-07,1.823326556404936e-07,4.687085816790249e-10,174.15912580482527,4.862611818620309,0.00012113380916099695,405.49061232454693,0.26015143484709946
E4-candidate_1078,candidate_1078,Re3Os2,screened,5,312.9580872708605,231.40138234698205,3.4004073978581517,-175.81608393536368,0.00292790588900801,5,312.958065612511,2.1658349510289554e-05,2.1658349510289554e-05,6.920527664912728e-08,231.40137910209273,3.4004349283398234,0.0029279058905748805,337.47440634378603,-0.7484987047823222
