task,parent_id,cod_id,cod_record_url,variant,label,operator,formula,n_atoms,structure_file,structure_format,structure_sha256,source_file,task_metadata_file,upstream_protocol,rng_seed_source
E3-cod-1001469-P0,cod-1001469,1001469,https://www.crystallography.net/cod/1001469.html,P0,experimental_parent,experimental parent,Ba2CePtO6,10,structures/E3-cod-1001469-P0/POSCAR.init,POSCAR,c3654d09ecba1b498fed51cf76c02752db1964dfd8988d2061797ec01de30060,dft/E3_crosscheck/tasks/E3-cod-1001469-P0/POSCAR.init,structures/E3-cod-1001469-P0/TASK.json,2026-08-25-pris-dft-e1e4-v1,E3|cod-1001469
E3-cod-1001469-S1,cod-1001469,1001469,https://www.crystallography.net/cod/1001469.html,S1,synthetic_damage,uniaxial compression,Ba2CePtO6,10,structures/E3-cod-1001469-S1/POSCAR.init,POSCAR,76cead0334a180a111070c66abe9803b5d0b3aee401ad25eb4885b1be5c37163,dft/E3_crosscheck/tasks/E3-cod-1001469-S1/POSCAR.init,structures/E3-cod-1001469-S1/TASK.json,2026-08-25-pris-dft-e1e4-v1,E3|cod-1001469
E3-cod-1001469-S2,cod-1001469,1001469,https://www.crystallography.net/cod/1001469.html,S2,synthetic_damage,cation-cation exchange,Ba2CePtO6,10,structures/E3-cod-1001469-S2/POSCAR.init,POSCAR,c74a4a43fc01cf76c13692a7422a1c4320352c89d1fd4fdd31fcbeb287676cee,dft/E3_crosscheck/tasks/E3-cod-1001469-S2/POSCAR.init,structures/E3-cod-1001469-S2/TASK.json,2026-08-25-pris-dft-e1e4-v1,E3|cod-1001469
E3-cod-1001469-S3,cod-1001469,1001469,https://www.crystallography.net/cod/1001469.html,S3,synthetic_damage,random displacement,Ba2CePtO6,10,structures/E3-cod-1001469-S3/POSCAR.init,POSCAR,de4b2714ed6a255c4091073876b07a2203d9c4bca8e3972a872e6a4faf6584f2,dft/E3_crosscheck/tasks/E3-cod-1001469-S3/POSCAR.init,structures/E3-cod-1001469-S3/TASK.json,2026-08-25-pris-dft-e1e4-v1,E3|cod-1001469
E3-cod-1001469-S4,cod-1001469,1001469,https://www.crystallography.net/cod/1001469.html,S4,synthetic_damage,isotropic expansion,Ba2CePtO6,10,structures/E3-cod-1001469-S4/POSCAR.init,POSCAR,3debf9ff7a2631551dddb9d5f69881696abbd980b1e89e31c759edd2932230ce,dft/E3_crosscheck/tasks/E3-cod-1001469-S4/POSCAR.init,structures/E3-cod-1001469-S4/TASK.json,2026-08-25-pris-dft-e1e4-v1,E3|cod-1001469
E3-cod-1001469-S5,cod-1001469,1001469,https://www.crystallography.net/cod/1001469.html,S5,synthetic_damage,cation-anion exchange,Ba2CePtO6,10,structures/E3-cod-1001469-S5/POSCAR.init,POSCAR,420d133f062a1bad02a81101048e1205421fdb47c3b1e763e0369388efa2ecfa,dft/E3_crosscheck/tasks/E3-cod-1001469-S5/POSCAR.init,structures/E3-cod-1001469-S5/TASK.json,2026-08-25-pris-dft-e1e4-v1,E3|cod-1001469
E3-cod-1010052-P0,cod-1010052,1010052,https://www.crystallography.net/cod/1010052.html,P0,experimental_parent,experimental parent,Rb2SnI6,9,structures/E3-cod-1010052-P0/POSCAR.init,POSCAR,c67d778002b7a2bd291f41efc7d2327dd2a11aeaf6a10dc1986845640b51818b,dft/E3_crosscheck/tasks/E3-cod-1010052-P0/POSCAR.init,structures/E3-cod-1010052-P0/TASK.json,2026-08-25-pris-dft-e1e4-v1,E3|cod-1010052
E3-cod-1010052-S1,cod-1010052,1010052,https://www.crystallography.net/cod/1010052.html,S1,synthetic_damage,uniaxial compression,Rb2SnI6,9,structures/E3-cod-1010052-S1/POSCAR.init,POSCAR,e347a0573e2389a5e8b1ba46abfc52b8ba720ebc846d06906aaebb056db082f7,dft/E3_crosscheck/tasks/E3-cod-1010052-S1/POSCAR.init,structures/E3-cod-1010052-S1/TASK.json,2026-08-25-pris-dft-e1e4-v1,E3|cod-1010052
E3-cod-1010052-S2,cod-1010052,1010052,https://www.crystallography.net/cod/1010052.html,S2,synthetic_damage,cation-cation exchange,Rb2SnI6,9,structures/E3-cod-1010052-S2/POSCAR.init,POSCAR,f23db60c3de74e87674e6c2ec28cb6c0676ab218e31262ba40410ccf1865eef3,dft/E3_crosscheck/tasks/E3-cod-1010052-S2/POSCAR.init,structures/E3-cod-1010052-S2/TASK.json,2026-08-25-pris-dft-e1e4-v1,E3|cod-1010052
E3-cod-1010052-S3,cod-1010052,1010052,https://www.crystallography.net/cod/1010052.html,S3,synthetic_damage,random displacement,Rb2SnI6,9,structures/E3-cod-1010052-S3/POSCAR.init,POSCAR,8e9d924ade6890cf1a1b3ec9e40ed71f676629a9681072173dbdf65ac3f8b0e6,dft/E3_crosscheck/tasks/E3-cod-1010052-S3/POSCAR.init,structures/E3-cod-1010052-S3/TASK.json,2026-08-25-pris-dft-e1e4-v1,E3|cod-1010052
E3-cod-1010052-S4,cod-1010052,1010052,https://www.crystallography.net/cod/1010052.html,S4,synthetic_damage,isotropic expansion,Rb2SnI6,9,structures/E3-cod-1010052-S4/POSCAR.init,POSCAR,60bc54ae9ba0922319f7c01b7c926dc524db3136456e3aa6d9171baa19f2b2d0,dft/E3_crosscheck/tasks/E3-cod-1010052-S4/POSCAR.init,structures/E3-cod-1010052-S4/TASK.json,2026-08-25-pris-dft-e1e4-v1,E3|cod-1010052
E3-cod-1010052-S5,cod-1010052,1010052,https://www.crystallography.net/cod/1010052.html,S5,synthetic_damage,cation-anion exchange,Rb2SnI6,9,structures/E3-cod-1010052-S5/POSCAR.init,POSCAR,0296838a30d9c40694fbd1440120ed69bfd074700bcf4184cc7985b96e6b6a55,dft/E3_crosscheck/tasks/E3-cod-1010052-S5/POSCAR.init,structures/E3-cod-1010052-S5/TASK.json,2026-08-25-pris-dft-e1e4-v1,E3|cod-1010052
E3-cod-1010053-P0,cod-1010053,1010053,https://www.crystallography.net/cod/1010053.html,P0,experimental_parent,experimental parent,Cs2SnI6,9,structures/E3-cod-1010053-P0/POSCAR.init,POSCAR,455205f4e35bbba2e6c9d705517fd0248fe803381922074b867125bcbeb7f18b,dft/E3_crosscheck/tasks/E3-cod-1010053-P0/POSCAR.init,structures/E3-cod-1010053-P0/TASK.json,2026-08-25-pris-dft-e1e4-v1,E3|cod-1010053
E3-cod-1010053-S1,cod-1010053,1010053,https://www.crystallography.net/cod/1010053.html,S1,synthetic_damage,uniaxial compression,Cs2SnI6,9,structures/E3-cod-1010053-S1/POSCAR.init,POSCAR,bfd416eb9034832e3988f4f180bf2338e70a2fb7b87d8aa701f93663caabebc0,dft/E3_crosscheck/tasks/E3-cod-1010053-S1/POSCAR.init,structures/E3-cod-1010053-S1/TASK.json,2026-08-25-pris-dft-e1e4-v1,E3|cod-1010053
E3-cod-1010053-S2,cod-1010053,1010053,https://www.crystallography.net/cod/1010053.html,S2,synthetic_damage,cation-cation exchange,Cs2SnI6,9,structures/E3-cod-1010053-S2/POSCAR.init,POSCAR,6ca9620be0c4698ccf6e499a8d49aab87e7f8565266eb688311936edcfc7068e,dft/E3_crosscheck/tasks/E3-cod-1010053-S2/POSCAR.init,structures/E3-cod-1010053-S2/TASK.json,2026-08-25-pris-dft-e1e4-v1,E3|cod-1010053
E3-cod-1010053-S3,cod-1010053,1010053,https://www.crystallography.net/cod/1010053.html,S3,synthetic_damage,random displacement,Cs2SnI6,9,structures/E3-cod-1010053-S3/POSCAR.init,POSCAR,0fe52e6776a0c589966709f771efbb1cbec2e3ce8aea5aa2c1c7cce900ec7744,dft/E3_crosscheck/tasks/E3-cod-1010053-S3/POSCAR.init,structures/E3-cod-1010053-S3/TASK.json,2026-08-25-pris-dft-e1e4-v1,E3|cod-1010053
E3-cod-1010053-S4,cod-1010053,1010053,https://www.crystallography.net/cod/1010053.html,S4,synthetic_damage,isotropic expansion,Cs2SnI6,9,structures/E3-cod-1010053-S4/POSCAR.init,POSCAR,61fc5eb4428964cd16c4fde857f0b3460a32f711d13a5b98bc381c1768a668d2,dft/E3_crosscheck/tasks/E3-cod-1010053-S4/POSCAR.init,structures/E3-cod-1010053-S4/TASK.json,2026-08-25-pris-dft-e1e4-v1,E3|cod-1010053
E3-cod-1010053-S5,cod-1010053,1010053,https://www.crystallography.net/cod/1010053.html,S5,synthetic_damage,cation-anion exchange,Cs2SnI6,9,structures/E3-cod-1010053-S5/POSCAR.init,POSCAR,3943fe08e790d6db7918b1003c26d0e1a564fe97fe0c1bae316143c59dd16001,dft/E3_crosscheck/tasks/E3-cod-1010053-S5/POSCAR.init,structures/E3-cod-1010053-S5/TASK.json,2026-08-25-pris-dft-e1e4-v1,E3|cod-1010053
E3-cod-1010145-P0,cod-1010145,1010145,https://www.crystallography.net/cod/1010145.html,P0,experimental_parent,experimental parent,Cs2AgAuCl6,10,structures/E3-cod-1010145-P0/POSCAR.init,POSCAR,c545fc5423f0ea1e24a38732e2aa0388d015cabb5a30cef955bfb97d02db441e,dft/E3_crosscheck/tasks/E3-cod-1010145-P0/POSCAR.init,structures/E3-cod-1010145-P0/TASK.json,2026-08-25-pris-dft-e1e4-v1,E3|cod-1010145
E3-cod-1010145-S1,cod-1010145,1010145,https://www.crystallography.net/cod/1010145.html,S1,synthetic_damage,uniaxial compression,Cs2AgAuCl6,10,structures/E3-cod-1010145-S1/POSCAR.init,POSCAR,e10f2c5bf2a45c26c3b2753d9903401a1b6fd9d596dff7dac5acdf332852ede0,dft/E3_crosscheck/tasks/E3-cod-1010145-S1/POSCAR.init,structures/E3-cod-1010145-S1/TASK.json,2026-08-25-pris-dft-e1e4-v1,E3|cod-1010145
E3-cod-1010145-S2,cod-1010145,1010145,https://www.crystallography.net/cod/1010145.html,S2,synthetic_damage,cation-cation exchange,Cs2AgAuCl6,10,structures/E3-cod-1010145-S2/POSCAR.init,POSCAR,41d77a2891574f52431cf4dffe062dd417a9512600d811198ab4b0cef0c6b887,dft/E3_crosscheck/tasks/E3-cod-1010145-S2/POSCAR.init,structures/E3-cod-1010145-S2/TASK.json,2026-08-25-pris-dft-e1e4-v1,E3|cod-1010145
E3-cod-1010145-S3,cod-1010145,1010145,https://www.crystallography.net/cod/1010145.html,S3,synthetic_damage,random displacement,Cs2AgAuCl6,10,structures/E3-cod-1010145-S3/POSCAR.init,POSCAR,9e587a432dd02c2651ae24524d122f3d6b2ad2be736f5b5af33036331327676e,dft/E3_crosscheck/tasks/E3-cod-1010145-S3/POSCAR.init,structures/E3-cod-1010145-S3/TASK.json,2026-08-25-pris-dft-e1e4-v1,E3|cod-1010145
E3-cod-1010145-S4,cod-1010145,1010145,https://www.crystallography.net/cod/1010145.html,S4,synthetic_damage,isotropic expansion,Cs2AgAuCl6,10,structures/E3-cod-1010145-S4/POSCAR.init,POSCAR,548190d4301abc87ede46461ce0721d1b059b9792f81efdaaf249b763ede91ea,dft/E3_crosscheck/tasks/E3-cod-1010145-S4/POSCAR.init,structures/E3-cod-1010145-S4/TASK.json,2026-08-25-pris-dft-e1e4-v1,E3|cod-1010145
E3-cod-1010145-S5,cod-1010145,1010145,https://www.crystallography.net/cod/1010145.html,S5,synthetic_damage,cation-anion exchange,Cs2AgAuCl6,10,structures/E3-cod-1010145-S5/POSCAR.init,POSCAR,207e0a846f4b71c0152468960696757c36719e90f960c5bc69821d107e797e10,dft/E3_crosscheck/tasks/E3-cod-1010145-S5/POSCAR.init,structures/E3-cod-1010145-S5/TASK.json,2026-08-25-pris-dft-e1e4-v1,E3|cod-1010145
E3-cod-1010173-P0,cod-1010173,1010173,https://www.crystallography.net/cod/1010173.html,P0,experimental_parent,experimental parent,K2SnCl6,9,structures/E3-cod-1010173-P0/POSCAR.init,POSCAR,be7ad3dafa71fc9caefb20a126b74742054ea1a3df9971d6847ac8b1226f77fd,dft/E3_crosscheck/tasks/E3-cod-1010173-P0/POSCAR.init,structures/E3-cod-1010173-P0/TASK.json,2026-08-25-pris-dft-e1e4-v1,E3|cod-1010173
E3-cod-1010173-S1,cod-1010173,1010173,https://www.crystallography.net/cod/1010173.html,S1,synthetic_damage,uniaxial compression,K2SnCl6,9,structures/E3-cod-1010173-S1/POSCAR.init,POSCAR,3dc70b3e67f9e6e6ce64f5e38c0d8550a8449117f0d94f15081841b6454ad194,dft/E3_crosscheck/tasks/E3-cod-1010173-S1/POSCAR.init,structures/E3-cod-1010173-S1/TASK.json,2026-08-25-pris-dft-e1e4-v1,E3|cod-1010173
E3-cod-1010173-S2,cod-1010173,1010173,https://www.crystallography.net/cod/1010173.html,S2,synthetic_damage,cation-cation exchange,K2SnCl6,9,structures/E3-cod-1010173-S2/POSCAR.init,POSCAR,8d59897340a18d4641040cf7b893665f3f25950041db42aa630181deecc4be6d,dft/E3_crosscheck/tasks/E3-cod-1010173-S2/POSCAR.init,structures/E3-cod-1010173-S2/TASK.json,2026-08-25-pris-dft-e1e4-v1,E3|cod-1010173
E3-cod-1010173-S3,cod-1010173,1010173,https://www.crystallography.net/cod/1010173.html,S3,synthetic_damage,random displacement,K2SnCl6,9,structures/E3-cod-1010173-S3/POSCAR.init,POSCAR,b345d5518d11fa1456147aa543d1c8a44883e142511663e212742a2d9afeda3b,dft/E3_crosscheck/tasks/E3-cod-1010173-S3/POSCAR.init,structures/E3-cod-1010173-S3/TASK.json,2026-08-25-pris-dft-e1e4-v1,E3|cod-1010173
E3-cod-1010173-S4,cod-1010173,1010173,https://www.crystallography.net/cod/1010173.html,S4,synthetic_damage,isotropic expansion,K2SnCl6,9,structures/E3-cod-1010173-S4/POSCAR.init,POSCAR,ef9056bf926021869fa9fda9c59432ff3418d6386422dee2638f23f499903de3,dft/E3_crosscheck/tasks/E3-cod-1010173-S4/POSCAR.init,structures/E3-cod-1010173-S4/TASK.json,2026-08-25-pris-dft-e1e4-v1,E3|cod-1010173
E3-cod-1010173-S5,cod-1010173,1010173,https://www.crystallography.net/cod/1010173.html,S5,synthetic_damage,cation-anion exchange,K2SnCl6,9,structures/E3-cod-1010173-S5/POSCAR.init,POSCAR,4eb3c2489b0d3ba104844aea49162a0079dd27adbc8064b1c80f8449b758c68c,dft/E3_crosscheck/tasks/E3-cod-1010173-S5/POSCAR.init,structures/E3-cod-1010173-S5/TASK.json,2026-08-25-pris-dft-e1e4-v1,E3|cod-1010173
E3-cod-1010175-P0,cod-1010175,1010175,https://www.crystallography.net/cod/1010175.html,P0,experimental_parent,experimental parent,Rb2SnCl6,9,structures/E3-cod-1010175-P0/POSCAR.init,POSCAR,382e41c380d39bf8fb6de1c5c0359c5e5b1b9e5e0987ae69b650cff868c163f0,dft/E3_crosscheck/tasks/E3-cod-1010175-P0/POSCAR.init,structures/E3-cod-1010175-P0/TASK.json,2026-08-25-pris-dft-e1e4-v1,E3|cod-1010175
E3-cod-1010175-S1,cod-1010175,1010175,https://www.crystallography.net/cod/1010175.html,S1,synthetic_damage,uniaxial compression,Rb2SnCl6,9,structures/E3-cod-1010175-S1/POSCAR.init,POSCAR,201ce3434225b7150befb7fe50cd314152286593976904e5c7e46ab8c2ca922b,dft/E3_crosscheck/tasks/E3-cod-1010175-S1/POSCAR.init,structures/E3-cod-1010175-S1/TASK.json,2026-08-25-pris-dft-e1e4-v1,E3|cod-1010175
E3-cod-1010175-S2,cod-1010175,1010175,https://www.crystallography.net/cod/1010175.html,S2,synthetic_damage,cation-cation exchange,Rb2SnCl6,9,structures/E3-cod-1010175-S2/POSCAR.init,POSCAR,7a5ec870308d5ea8e3a050603a61753cc44040d7e0c5b98e9158b34b1240dfee,dft/E3_crosscheck/tasks/E3-cod-1010175-S2/POSCAR.init,structures/E3-cod-1010175-S2/TASK.json,2026-08-25-pris-dft-e1e4-v1,E3|cod-1010175
E3-cod-1010175-S3,cod-1010175,1010175,https://www.crystallography.net/cod/1010175.html,S3,synthetic_damage,random displacement,Rb2SnCl6,9,structures/E3-cod-1010175-S3/POSCAR.init,POSCAR,2e3dabd5919b90042e04a7f401cff1070dd341924d5d2410aaf86677d78c1d90,dft/E3_crosscheck/tasks/E3-cod-1010175-S3/POSCAR.init,structures/E3-cod-1010175-S3/TASK.json,2026-08-25-pris-dft-e1e4-v1,E3|cod-1010175
E3-cod-1010175-S4,cod-1010175,1010175,https://www.crystallography.net/cod/1010175.html,S4,synthetic_damage,isotropic expansion,Rb2SnCl6,9,structures/E3-cod-1010175-S4/POSCAR.init,POSCAR,70d2ff62f1fa54ecb1f60328b8fc7a05dea633efdd34047e55e09e803db48ee9,dft/E3_crosscheck/tasks/E3-cod-1010175-S4/POSCAR.init,structures/E3-cod-1010175-S4/TASK.json,2026-08-25-pris-dft-e1e4-v1,E3|cod-1010175
E3-cod-1010175-S5,cod-1010175,1010175,https://www.crystallography.net/cod/1010175.html,S5,synthetic_damage,cation-anion exchange,Rb2SnCl6,9,structures/E3-cod-1010175-S5/POSCAR.init,POSCAR,08ec714c270bc048a84d956777a00a59e34d7afb36a122a440be5f9c584b265d,dft/E3_crosscheck/tasks/E3-cod-1010175-S5/POSCAR.init,structures/E3-cod-1010175-S5/TASK.json,2026-08-25-pris-dft-e1e4-v1,E3|cod-1010175
E3-cod-1010177-P0,cod-1010177,1010177,https://www.crystallography.net/cod/1010177.html,P0,experimental_parent,experimental parent,Tl2SnCl6,9,structures/E3-cod-1010177-P0/POSCAR.init,POSCAR,3539579effaf67c5999619121ea8d04b96ecad17e219398c0fb87414d0580794,dft/E3_crosscheck/tasks/E3-cod-1010177-P0/POSCAR.init,structures/E3-cod-1010177-P0/TASK.json,2026-08-25-pris-dft-e1e4-v1,E3|cod-1010177
E3-cod-1010177-S1,cod-1010177,1010177,https://www.crystallography.net/cod/1010177.html,S1,synthetic_damage,uniaxial compression,Tl2SnCl6,9,structures/E3-cod-1010177-S1/POSCAR.init,POSCAR,cf9ada417b09b8684a94ca70621310604ec9cc4aed670dc08c614a9fa19cd216,dft/E3_crosscheck/tasks/E3-cod-1010177-S1/POSCAR.init,structures/E3-cod-1010177-S1/TASK.json,2026-08-25-pris-dft-e1e4-v1,E3|cod-1010177
E3-cod-1010177-S2,cod-1010177,1010177,https://www.crystallography.net/cod/1010177.html,S2,synthetic_damage,cation-cation exchange,Tl2SnCl6,9,structures/E3-cod-1010177-S2/POSCAR.init,POSCAR,33367277ddd9078147f2baeedd841c72d064f9222cae825b016d6edb90f60618,dft/E3_crosscheck/tasks/E3-cod-1010177-S2/POSCAR.init,structures/E3-cod-1010177-S2/TASK.json,2026-08-25-pris-dft-e1e4-v1,E3|cod-1010177
E3-cod-1010177-S3,cod-1010177,1010177,https://www.crystallography.net/cod/1010177.html,S3,synthetic_damage,random displacement,Tl2SnCl6,9,structures/E3-cod-1010177-S3/POSCAR.init,POSCAR,e27c980b2b06b9906462c0d49fd7ed88030f3c0bb152159a4591b44f1778d78f,dft/E3_crosscheck/tasks/E3-cod-1010177-S3/POSCAR.init,structures/E3-cod-1010177-S3/TASK.json,2026-08-25-pris-dft-e1e4-v1,E3|cod-1010177
E3-cod-1010177-S4,cod-1010177,1010177,https://www.crystallography.net/cod/1010177.html,S4,synthetic_damage,isotropic expansion,Tl2SnCl6,9,structures/E3-cod-1010177-S4/POSCAR.init,POSCAR,0ebd1dd0fe605f851224ddc82736a201aed629287c7a88c1aee21808afa8ae5f,dft/E3_crosscheck/tasks/E3-cod-1010177-S4/POSCAR.init,structures/E3-cod-1010177-S4/TASK.json,2026-08-25-pris-dft-e1e4-v1,E3|cod-1010177
E3-cod-1010177-S5,cod-1010177,1010177,https://www.crystallography.net/cod/1010177.html,S5,synthetic_damage,cation-anion exchange,Tl2SnCl6,9,structures/E3-cod-1010177-S5/POSCAR.init,POSCAR,9ae712d47fa0d945318d6c5e399535c0627ce08eee10d491f91708015f093c18,dft/E3_crosscheck/tasks/E3-cod-1010177-S5/POSCAR.init,structures/E3-cod-1010177-S5/TASK.json,2026-08-25-pris-dft-e1e4-v1,E3|cod-1010177
E3-cod-1010179-P0,cod-1010179,1010179,https://www.crystallography.net/cod/1010179.html,P0,experimental_parent,experimental parent,Rb2PbCl6,9,structures/E3-cod-1010179-P0/POSCAR.init,POSCAR,651e5c450981396c837f7b1dc3001c5007999aada7f1c1fad31c5896fcd23cb0,dft/E3_crosscheck/tasks/E3-cod-1010179-P0/POSCAR.init,structures/E3-cod-1010179-P0/TASK.json,2026-08-25-pris-dft-e1e4-v1,E3|cod-1010179
E3-cod-1010179-S1,cod-1010179,1010179,https://www.crystallography.net/cod/1010179.html,S1,synthetic_damage,uniaxial compression,Rb2PbCl6,9,structures/E3-cod-1010179-S1/POSCAR.init,POSCAR,165e2be05289366a59c1f8018a72fa7814cdb557785ea289ba4368faf5ce1017,dft/E3_crosscheck/tasks/E3-cod-1010179-S1/POSCAR.init,structures/E3-cod-1010179-S1/TASK.json,2026-08-25-pris-dft-e1e4-v1,E3|cod-1010179
E3-cod-1010179-S2,cod-1010179,1010179,https://www.crystallography.net/cod/1010179.html,S2,synthetic_damage,cation-cation exchange,Rb2PbCl6,9,structures/E3-cod-1010179-S2/POSCAR.init,POSCAR,5934e56c56d21c7375a04c991b4900529a41dec3a89397e0431d6fad56d34ae5,dft/E3_crosscheck/tasks/E3-cod-1010179-S2/POSCAR.init,structures/E3-cod-1010179-S2/TASK.json,2026-08-25-pris-dft-e1e4-v1,E3|cod-1010179
E3-cod-1010179-S3,cod-1010179,1010179,https://www.crystallography.net/cod/1010179.html,S3,synthetic_damage,random displacement,Rb2PbCl6,9,structures/E3-cod-1010179-S3/POSCAR.init,POSCAR,c76ea5549d084784319b3ed6cc18673121286f829df42661e9606a8155ab9e9b,dft/E3_crosscheck/tasks/E3-cod-1010179-S3/POSCAR.init,structures/E3-cod-1010179-S3/TASK.json,2026-08-25-pris-dft-e1e4-v1,E3|cod-1010179
E3-cod-1010179-S4,cod-1010179,1010179,https://www.crystallography.net/cod/1010179.html,S4,synthetic_damage,isotropic expansion,Rb2PbCl6,9,structures/E3-cod-1010179-S4/POSCAR.init,POSCAR,f7a621ed6794dba204f51beb6ecf5a5d85c65715ce4d976c99b2b132d1ab2c1e,dft/E3_crosscheck/tasks/E3-cod-1010179-S4/POSCAR.init,structures/E3-cod-1010179-S4/TASK.json,2026-08-25-pris-dft-e1e4-v1,E3|cod-1010179
E3-cod-1010179-S5,cod-1010179,1010179,https://www.crystallography.net/cod/1010179.html,S5,synthetic_damage,cation-anion exchange,Rb2PbCl6,9,structures/E3-cod-1010179-S5/POSCAR.init,POSCAR,53a9929e2d691494b5c5a3e25ec7069c1be2d450d10baa6f5fe378aea8798395,dft/E3_crosscheck/tasks/E3-cod-1010179-S5/POSCAR.init,structures/E3-cod-1010179-S5/TASK.json,2026-08-25-pris-dft-e1e4-v1,E3|cod-1010179
E3-cod-1010180-P0,cod-1010180,1010180,https://www.crystallography.net/cod/1010180.html,P0,experimental_parent,experimental parent,Cs2PbCl6,9,structures/E3-cod-1010180-P0/POSCAR.init,POSCAR,19230c97c0ba0efbb56296dd44b23f568f9903bb0a945d7fe6d347439a2ebdde,dft/E3_crosscheck/tasks/E3-cod-1010180-P0/POSCAR.init,structures/E3-cod-1010180-P0/TASK.json,2026-08-25-pris-dft-e1e4-v1,E3|cod-1010180
E3-cod-1010180-S1,cod-1010180,1010180,https://www.crystallography.net/cod/1010180.html,S1,synthetic_damage,uniaxial compression,Cs2PbCl6,9,structures/E3-cod-1010180-S1/POSCAR.init,POSCAR,37fc460fb569a747f13fe08634d619c695c2eb0df083822118a5e4deffa324cf,dft/E3_crosscheck/tasks/E3-cod-1010180-S1/POSCAR.init,structures/E3-cod-1010180-S1/TASK.json,2026-08-25-pris-dft-e1e4-v1,E3|cod-1010180
E3-cod-1010180-S2,cod-1010180,1010180,https://www.crystallography.net/cod/1010180.html,S2,synthetic_damage,cation-cation exchange,Cs2PbCl6,9,structures/E3-cod-1010180-S2/POSCAR.init,POSCAR,dbba50dbaabe33d970074fd6978d6ca787c2e6093107de854d79371e67f723b5,dft/E3_crosscheck/tasks/E3-cod-1010180-S2/POSCAR.init,structures/E3-cod-1010180-S2/TASK.json,2026-08-25-pris-dft-e1e4-v1,E3|cod-1010180
E3-cod-1010180-S3,cod-1010180,1010180,https://www.crystallography.net/cod/1010180.html,S3,synthetic_damage,random displacement,Cs2PbCl6,9,structures/E3-cod-1010180-S3/POSCAR.init,POSCAR,0c90e16bed9bcaa69d01a69bf23bf4b623cf80556a8eb5ef5738e0bed63c24c4,dft/E3_crosscheck/tasks/E3-cod-1010180-S3/POSCAR.init,structures/E3-cod-1010180-S3/TASK.json,2026-08-25-pris-dft-e1e4-v1,E3|cod-1010180
E3-cod-1010180-S4,cod-1010180,1010180,https://www.crystallography.net/cod/1010180.html,S4,synthetic_damage,isotropic expansion,Cs2PbCl6,9,structures/E3-cod-1010180-S4/POSCAR.init,POSCAR,5a7c1b19d2914832adf890b89549cbfda99c70de6983127e4c64179611ddeea3,dft/E3_crosscheck/tasks/E3-cod-1010180-S4/POSCAR.init,structures/E3-cod-1010180-S4/TASK.json,2026-08-25-pris-dft-e1e4-v1,E3|cod-1010180
E3-cod-1010180-S5,cod-1010180,1010180,https://www.crystallography.net/cod/1010180.html,S5,synthetic_damage,cation-anion exchange,Cs2PbCl6,9,structures/E3-cod-1010180-S5/POSCAR.init,POSCAR,bd30537a37f3725c2be954d7fa8fcd36458601bfc0c82c9f7b35950e4e144206,dft/E3_crosscheck/tasks/E3-cod-1010180-S5/POSCAR.init,structures/E3-cod-1010180-S5/TASK.json,2026-08-25-pris-dft-e1e4-v1,E3|cod-1010180
E3-cod-1010182-P0,cod-1010182,1010182,https://www.crystallography.net/cod/1010182.html,P0,experimental_parent,experimental parent,Rb2PtCl6,9,structures/E3-cod-1010182-P0/POSCAR.init,POSCAR,ef99082bbba484b2009e7ec2b7110b21ad66b467478a0e40cbf44286e54a6296,dft/E3_crosscheck/tasks/E3-cod-1010182-P0/POSCAR.init,structures/E3-cod-1010182-P0/TASK.json,2026-08-25-pris-dft-e1e4-v1,E3|cod-1010182
E3-cod-1010182-S1,cod-1010182,1010182,https://www.crystallography.net/cod/1010182.html,S1,synthetic_damage,uniaxial compression,Rb2PtCl6,9,structures/E3-cod-1010182-S1/POSCAR.init,POSCAR,880904726087f9b7897e161d3b865c2e4cdd333d715e256764f450d3eda4a2db,dft/E3_crosscheck/tasks/E3-cod-1010182-S1/POSCAR.init,structures/E3-cod-1010182-S1/TASK.json,2026-08-25-pris-dft-e1e4-v1,E3|cod-1010182
E3-cod-1010182-S2,cod-1010182,1010182,https://www.crystallography.net/cod/1010182.html,S2,synthetic_damage,cation-cation exchange,Rb2PtCl6,9,structures/E3-cod-1010182-S2/POSCAR.init,POSCAR,51478057672b7dfa2bde92b2385134427a20951b21845c3f767adc01a68f16c8,dft/E3_crosscheck/tasks/E3-cod-1010182-S2/POSCAR.init,structures/E3-cod-1010182-S2/TASK.json,2026-08-25-pris-dft-e1e4-v1,E3|cod-1010182
E3-cod-1010182-S3,cod-1010182,1010182,https://www.crystallography.net/cod/1010182.html,S3,synthetic_damage,random displacement,Rb2PtCl6,9,structures/E3-cod-1010182-S3/POSCAR.init,POSCAR,03183608c22f6ed148847f6ba61645a4b60cb448381ce91373da2769367ba5d3,dft/E3_crosscheck/tasks/E3-cod-1010182-S3/POSCAR.init,structures/E3-cod-1010182-S3/TASK.json,2026-08-25-pris-dft-e1e4-v1,E3|cod-1010182
E3-cod-1010182-S4,cod-1010182,1010182,https://www.crystallography.net/cod/1010182.html,S4,synthetic_damage,isotropic expansion,Rb2PtCl6,9,structures/E3-cod-1010182-S4/POSCAR.init,POSCAR,71c8b6c1f963212d99b93266762dd20adcc134d8e4d16849371df796966ee1e8,dft/E3_crosscheck/tasks/E3-cod-1010182-S4/POSCAR.init,structures/E3-cod-1010182-S4/TASK.json,2026-08-25-pris-dft-e1e4-v1,E3|cod-1010182
E3-cod-1010182-S5,cod-1010182,1010182,https://www.crystallography.net/cod/1010182.html,S5,synthetic_damage,cation-anion exchange,Rb2PtCl6,9,structures/E3-cod-1010182-S5/POSCAR.init,POSCAR,da2dd30f22718427140d7a69e73606476253392497b8553d2012b93c255871b4,dft/E3_crosscheck/tasks/E3-cod-1010182-S5/POSCAR.init,structures/E3-cod-1010182-S5/TASK.json,2026-08-25-pris-dft-e1e4-v1,E3|cod-1010182
E3-cod-1010193-P0,cod-1010193,1010193,https://www.crystallography.net/cod/1010193.html,P0,experimental_parent,experimental parent,Rb2TiCl6,9,structures/E3-cod-1010193-P0/POSCAR.init,POSCAR,73aba25da00cba01b33f2947b3d24456bc333573b73bdd91a68aa1b03ca39f8c,dft/E3_crosscheck/tasks/E3-cod-1010193-P0/POSCAR.init,structures/E3-cod-1010193-P0/TASK.json,2026-08-25-pris-dft-e1e4-v1,E3|cod-1010193
E3-cod-1010193-S1,cod-1010193,1010193,https://www.crystallography.net/cod/1010193.html,S1,synthetic_damage,uniaxial compression,Rb2TiCl6,9,structures/E3-cod-1010193-S1/POSCAR.init,POSCAR,9b7caa0ab1a1aa98921008e68c1c514dda552d387ecd0c347be8388bf79f588a,dft/E3_crosscheck/tasks/E3-cod-1010193-S1/POSCAR.init,structures/E3-cod-1010193-S1/TASK.json,2026-08-25-pris-dft-e1e4-v1,E3|cod-1010193
E3-cod-1010193-S2,cod-1010193,1010193,https://www.crystallography.net/cod/1010193.html,S2,synthetic_damage,cation-cation exchange,Rb2TiCl6,9,structures/E3-cod-1010193-S2/POSCAR.init,POSCAR,33a09a6c933f3cdf356d5e37141e468d1a384791c91db1deb5c69d97c7f3c747,dft/E3_crosscheck/tasks/E3-cod-1010193-S2/POSCAR.init,structures/E3-cod-1010193-S2/TASK.json,2026-08-25-pris-dft-e1e4-v1,E3|cod-1010193
E3-cod-1010193-S3,cod-1010193,1010193,https://www.crystallography.net/cod/1010193.html,S3,synthetic_damage,random displacement,Rb2TiCl6,9,structures/E3-cod-1010193-S3/POSCAR.init,POSCAR,b184420cee2eacf755db737c819bee3c0ded4f0dc5456baccc449e75adbe946e,dft/E3_crosscheck/tasks/E3-cod-1010193-S3/POSCAR.init,structures/E3-cod-1010193-S3/TASK.json,2026-08-25-pris-dft-e1e4-v1,E3|cod-1010193
E3-cod-1010193-S4,cod-1010193,1010193,https://www.crystallography.net/cod/1010193.html,S4,synthetic_damage,isotropic expansion,Rb2TiCl6,9,structures/E3-cod-1010193-S4/POSCAR.init,POSCAR,2162513d6e819357b7246a008386933efc7638fe7dee81b7842b99c7d257eb16,dft/E3_crosscheck/tasks/E3-cod-1010193-S4/POSCAR.init,structures/E3-cod-1010193-S4/TASK.json,2026-08-25-pris-dft-e1e4-v1,E3|cod-1010193
E3-cod-1010193-S5,cod-1010193,1010193,https://www.crystallography.net/cod/1010193.html,S5,synthetic_damage,cation-anion exchange,Rb2TiCl6,9,structures/E3-cod-1010193-S5/POSCAR.init,POSCAR,596a6aee2fae47076a862471cb96888924984e1b20ad07c4c3c0e8b18e5c9e13,dft/E3_crosscheck/tasks/E3-cod-1010193-S5/POSCAR.init,structures/E3-cod-1010193-S5/TASK.json,2026-08-25-pris-dft-e1e4-v1,E3|cod-1010193
E3-cod-1010194-P0,cod-1010194,1010194,https://www.crystallography.net/cod/1010194.html,P0,experimental_parent,experimental parent,Cs2TiCl6,9,structures/E3-cod-1010194-P0/POSCAR.init,POSCAR,a208ab0494d3540dbdfbe784b26a7e754ac14112a923c9cc74e8fb112447f1e3,dft/E3_crosscheck/tasks/E3-cod-1010194-P0/POSCAR.init,structures/E3-cod-1010194-P0/TASK.json,2026-08-25-pris-dft-e1e4-v1,E3|cod-1010194
E3-cod-1010194-S1,cod-1010194,1010194,https://www.crystallography.net/cod/1010194.html,S1,synthetic_damage,uniaxial compression,Cs2TiCl6,9,structures/E3-cod-1010194-S1/POSCAR.init,POSCAR,fcbc47bb8ac427fb84f59ab6d170cc79eb327bad11595bf8285cb4f5891b6849,dft/E3_crosscheck/tasks/E3-cod-1010194-S1/POSCAR.init,structures/E3-cod-1010194-S1/TASK.json,2026-08-25-pris-dft-e1e4-v1,E3|cod-1010194
E3-cod-1010194-S2,cod-1010194,1010194,https://www.crystallography.net/cod/1010194.html,S2,synthetic_damage,cation-cation exchange,Cs2TiCl6,9,structures/E3-cod-1010194-S2/POSCAR.init,POSCAR,7d2074e6e7264ce9959f1008094c257b73ba2cdde174d943f7ca4aaadab9cb4a,dft/E3_crosscheck/tasks/E3-cod-1010194-S2/POSCAR.init,structures/E3-cod-1010194-S2/TASK.json,2026-08-25-pris-dft-e1e4-v1,E3|cod-1010194
E3-cod-1010194-S3,cod-1010194,1010194,https://www.crystallography.net/cod/1010194.html,S3,synthetic_damage,random displacement,Cs2TiCl6,9,structures/E3-cod-1010194-S3/POSCAR.init,POSCAR,1baf68a131febaedb891bacf4042d35f1cca908a6a6a87331438c0dc4f4d5237,dft/E3_crosscheck/tasks/E3-cod-1010194-S3/POSCAR.init,structures/E3-cod-1010194-S3/TASK.json,2026-08-25-pris-dft-e1e4-v1,E3|cod-1010194
E3-cod-1010194-S4,cod-1010194,1010194,https://www.crystallography.net/cod/1010194.html,S4,synthetic_damage,isotropic expansion,Cs2TiCl6,9,structures/E3-cod-1010194-S4/POSCAR.init,POSCAR,c3be441e29f82494f9ea3600395f242e559482c7c2a7aff7ff1a4808e0db9907,dft/E3_crosscheck/tasks/E3-cod-1010194-S4/POSCAR.init,structures/E3-cod-1010194-S4/TASK.json,2026-08-25-pris-dft-e1e4-v1,E3|cod-1010194
E3-cod-1010194-S5,cod-1010194,1010194,https://www.crystallography.net/cod/1010194.html,S5,synthetic_damage,cation-anion exchange,Cs2TiCl6,9,structures/E3-cod-1010194-S5/POSCAR.init,POSCAR,f1f444fff41fe56ddd4929fdb6a905e23272720fccdcc96799a18a0ab3c4b175,dft/E3_crosscheck/tasks/E3-cod-1010194-S5/POSCAR.init,structures/E3-cod-1010194-S5/TASK.json,2026-08-25-pris-dft-e1e4-v1,E3|cod-1010194
E3-cod-1010195-P0,cod-1010195,1010195,https://www.crystallography.net/cod/1010195.html,P0,experimental_parent,experimental parent,Rb2ZrCl6,9,structures/E3-cod-1010195-P0/POSCAR.init,POSCAR,40fe22abc5ec2e761d516e0811c75fdd194495a872c866dd09858b7c253fa373,dft/E3_crosscheck/tasks/E3-cod-1010195-P0/POSCAR.init,structures/E3-cod-1010195-P0/TASK.json,2026-08-25-pris-dft-e1e4-v1,E3|cod-1010195
E3-cod-1010195-S1,cod-1010195,1010195,https://www.crystallography.net/cod/1010195.html,S1,synthetic_damage,uniaxial compression,Rb2ZrCl6,9,structures/E3-cod-1010195-S1/POSCAR.init,POSCAR,45839e69ea9022f3a962599c1b1cd225d338748ad62e4598d856f2c93103dc2f,dft/E3_crosscheck/tasks/E3-cod-1010195-S1/POSCAR.init,structures/E3-cod-1010195-S1/TASK.json,2026-08-25-pris-dft-e1e4-v1,E3|cod-1010195
E3-cod-1010195-S2,cod-1010195,1010195,https://www.crystallography.net/cod/1010195.html,S2,synthetic_damage,cation-cation exchange,Rb2ZrCl6,9,structures/E3-cod-1010195-S2/POSCAR.init,POSCAR,e5949daa59c53d22b17d66c8090ef1f527624a95ad82ed0decad1c572bbd9912,dft/E3_crosscheck/tasks/E3-cod-1010195-S2/POSCAR.init,structures/E3-cod-1010195-S2/TASK.json,2026-08-25-pris-dft-e1e4-v1,E3|cod-1010195
E3-cod-1010195-S3,cod-1010195,1010195,https://www.crystallography.net/cod/1010195.html,S3,synthetic_damage,random displacement,Rb2ZrCl6,9,structures/E3-cod-1010195-S3/POSCAR.init,POSCAR,984edce70f0c8a80dc1a81182b2727f837293f8c52e1b655706ee903dd06ca8f,dft/E3_crosscheck/tasks/E3-cod-1010195-S3/POSCAR.init,structures/E3-cod-1010195-S3/TASK.json,2026-08-25-pris-dft-e1e4-v1,E3|cod-1010195
E3-cod-1010195-S4,cod-1010195,1010195,https://www.crystallography.net/cod/1010195.html,S4,synthetic_damage,isotropic expansion,Rb2ZrCl6,9,structures/E3-cod-1010195-S4/POSCAR.init,POSCAR,4c649d9735a6365637d711c1457191be3c769158a36dd043c60f3a4ce9c018ae,dft/E3_crosscheck/tasks/E3-cod-1010195-S4/POSCAR.init,structures/E3-cod-1010195-S4/TASK.json,2026-08-25-pris-dft-e1e4-v1,E3|cod-1010195
E3-cod-1010195-S5,cod-1010195,1010195,https://www.crystallography.net/cod/1010195.html,S5,synthetic_damage,cation-anion exchange,Rb2ZrCl6,9,structures/E3-cod-1010195-S5/POSCAR.init,POSCAR,c2db93e7cabc7cb3db0a1bc4377896c7a25eff733b4706256acad684a06ffa7a,dft/E3_crosscheck/tasks/E3-cod-1010195-S5/POSCAR.init,structures/E3-cod-1010195-S5/TASK.json,2026-08-25-pris-dft-e1e4-v1,E3|cod-1010195
E3-cod-1010285-P0,cod-1010285,1010285,https://www.crystallography.net/cod/1010285.html,P0,experimental_parent,experimental parent,Cs2SiF6,9,structures/E3-cod-1010285-P0/POSCAR.init,POSCAR,4cfb2ed7c4563f76f2580b6947b8cc85092ab67c20f8a117c6ccb022503e65ee,dft/E3_crosscheck/tasks/E3-cod-1010285-P0/POSCAR.init,structures/E3-cod-1010285-P0/TASK.json,2026-08-25-pris-dft-e1e4-v1,E3|cod-1010285
E3-cod-1010285-S1,cod-1010285,1010285,https://www.crystallography.net/cod/1010285.html,S1,synthetic_damage,uniaxial compression,Cs2SiF6,9,structures/E3-cod-1010285-S1/POSCAR.init,POSCAR,05ac95010cda5117efd01145102f6567d3d108c0ba7252e110dca64cc14ade5c,dft/E3_crosscheck/tasks/E3-cod-1010285-S1/POSCAR.init,structures/E3-cod-1010285-S1/TASK.json,2026-08-25-pris-dft-e1e4-v1,E3|cod-1010285
E3-cod-1010285-S2,cod-1010285,1010285,https://www.crystallography.net/cod/1010285.html,S2,synthetic_damage,cation-cation exchange,Cs2SiF6,9,structures/E3-cod-1010285-S2/POSCAR.init,POSCAR,ec7060a893c7166aebb5d68c28b77aac668f063ab9d87f7d34fb006b1db3f608,dft/E3_crosscheck/tasks/E3-cod-1010285-S2/POSCAR.init,structures/E3-cod-1010285-S2/TASK.json,2026-08-25-pris-dft-e1e4-v1,E3|cod-1010285
E3-cod-1010285-S3,cod-1010285,1010285,https://www.crystallography.net/cod/1010285.html,S3,synthetic_damage,random displacement,Cs2SiF6,9,structures/E3-cod-1010285-S3/POSCAR.init,POSCAR,4f61a705eb445ad4f6871bb96fadbad743ccc847e2ebc244461a953bba906021,dft/E3_crosscheck/tasks/E3-cod-1010285-S3/POSCAR.init,structures/E3-cod-1010285-S3/TASK.json,2026-08-25-pris-dft-e1e4-v1,E3|cod-1010285
E3-cod-1010285-S4,cod-1010285,1010285,https://www.crystallography.net/cod/1010285.html,S4,synthetic_damage,isotropic expansion,Cs2SiF6,9,structures/E3-cod-1010285-S4/POSCAR.init,POSCAR,db1c5e66f8fdc063407aafa89748ef0d6ad21a3efd748fd4b8bead429740485d,dft/E3_crosscheck/tasks/E3-cod-1010285-S4/POSCAR.init,structures/E3-cod-1010285-S4/TASK.json,2026-08-25-pris-dft-e1e4-v1,E3|cod-1010285
E3-cod-1010285-S5,cod-1010285,1010285,https://www.crystallography.net/cod/1010285.html,S5,synthetic_damage,cation-anion exchange,Cs2SiF6,9,structures/E3-cod-1010285-S5/POSCAR.init,POSCAR,ac027cf61ddcd44a833b3744d15807b710a6c292ace56842831bb7c5d7bf88c0,dft/E3_crosscheck/tasks/E3-cod-1010285-S5/POSCAR.init,structures/E3-cod-1010285-S5/TASK.json,2026-08-25-pris-dft-e1e4-v1,E3|cod-1010285
E3-cod-1010286-P0,cod-1010286,1010286,https://www.crystallography.net/cod/1010286.html,P0,experimental_parent,experimental parent,Cs2GeF6,9,structures/E3-cod-1010286-P0/POSCAR.init,POSCAR,443c332f08f89f60077c6530654a4efe92daa232c92d2256e9edbd97477ef9c2,dft/E3_crosscheck/tasks/E3-cod-1010286-P0/POSCAR.init,structures/E3-cod-1010286-P0/TASK.json,2026-08-25-pris-dft-e1e4-v1,E3|cod-1010286
E3-cod-1010286-S1,cod-1010286,1010286,https://www.crystallography.net/cod/1010286.html,S1,synthetic_damage,uniaxial compression,Cs2GeF6,9,structures/E3-cod-1010286-S1/POSCAR.init,POSCAR,593651812c3aa1a9ea3c9e05007d6ccd82d726194492ab63c5442238659a782e,dft/E3_crosscheck/tasks/E3-cod-1010286-S1/POSCAR.init,structures/E3-cod-1010286-S1/TASK.json,2026-08-25-pris-dft-e1e4-v1,E3|cod-1010286
E3-cod-1010286-S2,cod-1010286,1010286,https://www.crystallography.net/cod/1010286.html,S2,synthetic_damage,cation-cation exchange,Cs2GeF6,9,structures/E3-cod-1010286-S2/POSCAR.init,POSCAR,e74c3c6416f98cd140cdd808cf10a0cb637cd0da676e8bab87efb2fd9cf5b18b,dft/E3_crosscheck/tasks/E3-cod-1010286-S2/POSCAR.init,structures/E3-cod-1010286-S2/TASK.json,2026-08-25-pris-dft-e1e4-v1,E3|cod-1010286
E3-cod-1010286-S3,cod-1010286,1010286,https://www.crystallography.net/cod/1010286.html,S3,synthetic_damage,random displacement,Cs2GeF6,9,structures/E3-cod-1010286-S3/POSCAR.init,POSCAR,f26c1c9b20a5aa418cc1b52c5476685a517b412ee292dd569ab221ace82ac429,dft/E3_crosscheck/tasks/E3-cod-1010286-S3/POSCAR.init,structures/E3-cod-1010286-S3/TASK.json,2026-08-25-pris-dft-e1e4-v1,E3|cod-1010286
E3-cod-1010286-S4,cod-1010286,1010286,https://www.crystallography.net/cod/1010286.html,S4,synthetic_damage,isotropic expansion,Cs2GeF6,9,structures/E3-cod-1010286-S4/POSCAR.init,POSCAR,f6687d024efe6e7bc969e27fe2a96d28a34fa35466bc190c770578e66bed2668,dft/E3_crosscheck/tasks/E3-cod-1010286-S4/POSCAR.init,structures/E3-cod-1010286-S4/TASK.json,2026-08-25-pris-dft-e1e4-v1,E3|cod-1010286
E3-cod-1010286-S5,cod-1010286,1010286,https://www.crystallography.net/cod/1010286.html,S5,synthetic_damage,cation-anion exchange,Cs2GeF6,9,structures/E3-cod-1010286-S5/POSCAR.init,POSCAR,05e42ea26a75b24fbeaa95376eaa03d8f1d39f7739754048e97b052bda5a51ba,dft/E3_crosscheck/tasks/E3-cod-1010286-S5/POSCAR.init,structures/E3-cod-1010286-S5/TASK.json,2026-08-25-pris-dft-e1e4-v1,E3|cod-1010286
E3-cod-1010888-P0,cod-1010888,1010888,https://www.crystallography.net/cod/1010888.html,P0,experimental_parent,experimental parent,K2PdCl6,9,structures/E3-cod-1010888-P0/POSCAR.init,POSCAR,cbdbae32ac5dcc08e1321080bb662dc074d5716e6e594fabbf4c7abea381ba45,dft/E3_crosscheck/tasks/E3-cod-1010888-P0/POSCAR.init,structures/E3-cod-1010888-P0/TASK.json,2026-08-25-pris-dft-e1e4-v1,E3|cod-1010888
E3-cod-1010888-S1,cod-1010888,1010888,https://www.crystallography.net/cod/1010888.html,S1,synthetic_damage,uniaxial compression,K2PdCl6,9,structures/E3-cod-1010888-S1/POSCAR.init,POSCAR,a08c0396e5de2d232015dc6726ea0df479ec6f6e762beb11879645d96cb7b8df,dft/E3_crosscheck/tasks/E3-cod-1010888-S1/POSCAR.init,structures/E3-cod-1010888-S1/TASK.json,2026-08-25-pris-dft-e1e4-v1,E3|cod-1010888
E3-cod-1010888-S2,cod-1010888,1010888,https://www.crystallography.net/cod/1010888.html,S2,synthetic_damage,cation-cation exchange,K2PdCl6,9,structures/E3-cod-1010888-S2/POSCAR.init,POSCAR,03aaf2e13769ef0b9322e25eec723144d8ce43fd1cc9aea06f10da7528cb0e82,dft/E3_crosscheck/tasks/E3-cod-1010888-S2/POSCAR.init,structures/E3-cod-1010888-S2/TASK.json,2026-08-25-pris-dft-e1e4-v1,E3|cod-1010888
E3-cod-1010888-S3,cod-1010888,1010888,https://www.crystallography.net/cod/1010888.html,S3,synthetic_damage,random displacement,K2PdCl6,9,structures/E3-cod-1010888-S3/POSCAR.init,POSCAR,33b8211081947e990dd5e1e747a5a162251dc5f83624ed9b4c45fe6a00c2f11c,dft/E3_crosscheck/tasks/E3-cod-1010888-S3/POSCAR.init,structures/E3-cod-1010888-S3/TASK.json,2026-08-25-pris-dft-e1e4-v1,E3|cod-1010888
E3-cod-1010888-S4,cod-1010888,1010888,https://www.crystallography.net/cod/1010888.html,S4,synthetic_damage,isotropic expansion,K2PdCl6,9,structures/E3-cod-1010888-S4/POSCAR.init,POSCAR,560ddd15bb154e8036d5249a58e521cc74349de42e0f546b40c4b95a9bd2e8e7,dft/E3_crosscheck/tasks/E3-cod-1010888-S4/POSCAR.init,structures/E3-cod-1010888-S4/TASK.json,2026-08-25-pris-dft-e1e4-v1,E3|cod-1010888
E3-cod-1010888-S5,cod-1010888,1010888,https://www.crystallography.net/cod/1010888.html,S5,synthetic_damage,cation-anion exchange,K2PdCl6,9,structures/E3-cod-1010888-S5/POSCAR.init,POSCAR,1c7e920d6a4fb56245736e3a3261a332b905ab52e44fafe329a2f207a350c81f,dft/E3_crosscheck/tasks/E3-cod-1010888-S5/POSCAR.init,structures/E3-cod-1010888-S5/TASK.json,2026-08-25-pris-dft-e1e4-v1,E3|cod-1010888
E3-cod-1011311-P0,cod-1011311,1011311,https://www.crystallography.net/cod/1011311.html,P0,experimental_parent,experimental parent,K2OsCl6,9,structures/E3-cod-1011311-P0/POSCAR.init,POSCAR,431cdfd86563a4382fbf175f2bff8076940b309471993c087887c18f87334f4d,dft/E3_crosscheck/tasks/E3-cod-1011311-P0/POSCAR.init,structures/E3-cod-1011311-P0/TASK.json,2026-08-25-pris-dft-e1e4-v1,E3|cod-1011311
E3-cod-1011311-S1,cod-1011311,1011311,https://www.crystallography.net/cod/1011311.html,S1,synthetic_damage,uniaxial compression,K2OsCl6,9,structures/E3-cod-1011311-S1/POSCAR.init,POSCAR,1b6c8c50edb97cfb9bd7a20be9f5be82b332987c233755d122b5882d55be51d2,dft/E3_crosscheck/tasks/E3-cod-1011311-S1/POSCAR.init,structures/E3-cod-1011311-S1/TASK.json,2026-08-25-pris-dft-e1e4-v1,E3|cod-1011311
E3-cod-1011311-S2,cod-1011311,1011311,https://www.crystallography.net/cod/1011311.html,S2,synthetic_damage,cation-cation exchange,K2OsCl6,9,structures/E3-cod-1011311-S2/POSCAR.init,POSCAR,3560d38b0d1f22ef93f90c43f3f09d65b00283ada5e229587057a6a58ee83816,dft/E3_crosscheck/tasks/E3-cod-1011311-S2/POSCAR.init,structures/E3-cod-1011311-S2/TASK.json,2026-08-25-pris-dft-e1e4-v1,E3|cod-1011311
E3-cod-1011311-S3,cod-1011311,1011311,https://www.crystallography.net/cod/1011311.html,S3,synthetic_damage,random displacement,K2OsCl6,9,structures/E3-cod-1011311-S3/POSCAR.init,POSCAR,6516b9d0383277208df9b1209bfe8be97a04c4d176c7d87631bc6ead1ae3b570,dft/E3_crosscheck/tasks/E3-cod-1011311-S3/POSCAR.init,structures/E3-cod-1011311-S3/TASK.json,2026-08-25-pris-dft-e1e4-v1,E3|cod-1011311
E3-cod-1011311-S4,cod-1011311,1011311,https://www.crystallography.net/cod/1011311.html,S4,synthetic_damage,isotropic expansion,K2OsCl6,9,structures/E3-cod-1011311-S4/POSCAR.init,POSCAR,f316ced1d25fadfdc642d761404333b4f2e2da83b5e7375791d87aca2a0330cf,dft/E3_crosscheck/tasks/E3-cod-1011311-S4/POSCAR.init,structures/E3-cod-1011311-S4/TASK.json,2026-08-25-pris-dft-e1e4-v1,E3|cod-1011311
E3-cod-1011311-S5,cod-1011311,1011311,https://www.crystallography.net/cod/1011311.html,S5,synthetic_damage,cation-anion exchange,K2OsCl6,9,structures/E3-cod-1011311-S5/POSCAR.init,POSCAR,d309eb25359a89f22892a96d3eccabbfd0a8f5a9d5081d7788c1d2940dbcf2ab,dft/E3_crosscheck/tasks/E3-cod-1011311-S5/POSCAR.init,structures/E3-cod-1011311-S5/TASK.json,2026-08-25-pris-dft-e1e4-v1,E3|cod-1011311
E3-cod-1011312-P0,cod-1011312,1011312,https://www.crystallography.net/cod/1011312.html,P0,experimental_parent,experimental parent,K2OsBr6,9,structures/E3-cod-1011312-P0/POSCAR.init,POSCAR,ecf38a43954fea85dacda16ad51e66fb9c1e53fd9ea72f5c43cb6cc6444c5083,dft/E3_crosscheck/tasks/E3-cod-1011312-P0/POSCAR.init,structures/E3-cod-1011312-P0/TASK.json,2026-08-25-pris-dft-e1e4-v1,E3|cod-1011312
E3-cod-1011312-S1,cod-1011312,1011312,https://www.crystallography.net/cod/1011312.html,S1,synthetic_damage,uniaxial compression,K2OsBr6,9,structures/E3-cod-1011312-S1/POSCAR.init,POSCAR,de7105014b312057d17d75a68c9ddc111394372953e4f690bf9911bbd046abad,dft/E3_crosscheck/tasks/E3-cod-1011312-S1/POSCAR.init,structures/E3-cod-1011312-S1/TASK.json,2026-08-25-pris-dft-e1e4-v1,E3|cod-1011312
E3-cod-1011312-S2,cod-1011312,1011312,https://www.crystallography.net/cod/1011312.html,S2,synthetic_damage,cation-cation exchange,K2OsBr6,9,structures/E3-cod-1011312-S2/POSCAR.init,POSCAR,dd94d905db842217f0011dfffc3c23c1fb600e79ffe9c7b38537cb063fbd581a,dft/E3_crosscheck/tasks/E3-cod-1011312-S2/POSCAR.init,structures/E3-cod-1011312-S2/TASK.json,2026-08-25-pris-dft-e1e4-v1,E3|cod-1011312
E3-cod-1011312-S3,cod-1011312,1011312,https://www.crystallography.net/cod/1011312.html,S3,synthetic_damage,random displacement,K2OsBr6,9,structures/E3-cod-1011312-S3/POSCAR.init,POSCAR,05ddf36ac38ed8259055d619bb2f9a29f04aacfc454218a3dd3d5663e1e33fd8,dft/E3_crosscheck/tasks/E3-cod-1011312-S3/POSCAR.init,structures/E3-cod-1011312-S3/TASK.json,2026-08-25-pris-dft-e1e4-v1,E3|cod-1011312
E3-cod-1011312-S4,cod-1011312,1011312,https://www.crystallography.net/cod/1011312.html,S4,synthetic_damage,isotropic expansion,K2OsBr6,9,structures/E3-cod-1011312-S4/POSCAR.init,POSCAR,a9071ece0550aeaf894d1a0f118ad8847233e110b695d36a525d3fafc237636d,dft/E3_crosscheck/tasks/E3-cod-1011312-S4/POSCAR.init,structures/E3-cod-1011312-S4/TASK.json,2026-08-25-pris-dft-e1e4-v1,E3|cod-1011312
E3-cod-1011312-S5,cod-1011312,1011312,https://www.crystallography.net/cod/1011312.html,S5,synthetic_damage,cation-anion exchange,K2OsBr6,9,structures/E3-cod-1011312-S5/POSCAR.init,POSCAR,65f2eb750c1d52b9c8629ded600e9d9109128857195e2f9314976e6ccf6bc8bc,dft/E3_crosscheck/tasks/E3-cod-1011312-S5/POSCAR.init,structures/E3-cod-1011312-S5/TASK.json,2026-08-25-pris-dft-e1e4-v1,E3|cod-1011312
E3-cod-1100971-P0,cod-1100971,1100971,https://www.crystallography.net/cod/1100971.html,P0,experimental_parent,experimental parent,MnVCuO4,14,structures/E3-cod-1100971-P0/POSCAR.init,POSCAR,abc2ef27df2e546b1deefd4e3bb6c48de5ed9aa7b82dd28909ed1c28562fd9c5,dft/E3_crosscheck/tasks/E3-cod-1100971-P0/POSCAR.init,structures/E3-cod-1100971-P0/TASK.json,2026-08-25-pris-dft-e1e4-v1,E3|cod-1100971
E3-cod-1100971-S1,cod-1100971,1100971,https://www.crystallography.net/cod/1100971.html,S1,synthetic_damage,uniaxial compression,MnVCuO4,14,structures/E3-cod-1100971-S1/POSCAR.init,POSCAR,fa7ab80770c2349de736e8ddbb14f6e1d04071562ad7693d66a1cc192a37185e,dft/E3_crosscheck/tasks/E3-cod-1100971-S1/POSCAR.init,structures/E3-cod-1100971-S1/TASK.json,2026-08-25-pris-dft-e1e4-v1,E3|cod-1100971
E3-cod-1100971-S2,cod-1100971,1100971,https://www.crystallography.net/cod/1100971.html,S2,synthetic_damage,cation-cation exchange,MnVCuO4,14,structures/E3-cod-1100971-S2/POSCAR.init,POSCAR,a7855b290b6d3d3b5d4bbe6c15962cda2da57e25eb1203d19a725f3789567480,dft/E3_crosscheck/tasks/E3-cod-1100971-S2/POSCAR.init,structures/E3-cod-1100971-S2/TASK.json,2026-08-25-pris-dft-e1e4-v1,E3|cod-1100971
E3-cod-1100971-S3,cod-1100971,1100971,https://www.crystallography.net/cod/1100971.html,S3,synthetic_damage,random displacement,MnVCuO4,14,structures/E3-cod-1100971-S3/POSCAR.init,POSCAR,f795e9a0baf0d43d41e9c38a6809e99f26b711cc4b873b4e85f36015e8bdefcb,dft/E3_crosscheck/tasks/E3-cod-1100971-S3/POSCAR.init,structures/E3-cod-1100971-S3/TASK.json,2026-08-25-pris-dft-e1e4-v1,E3|cod-1100971
E3-cod-1100971-S4,cod-1100971,1100971,https://www.crystallography.net/cod/1100971.html,S4,synthetic_damage,isotropic expansion,MnVCuO4,14,structures/E3-cod-1100971-S4/POSCAR.init,POSCAR,e155813e6fb842372d132d9fe53ea7289594ed2fecd7e8bfa8b4d1ec9625029c,dft/E3_crosscheck/tasks/E3-cod-1100971-S4/POSCAR.init,structures/E3-cod-1100971-S4/TASK.json,2026-08-25-pris-dft-e1e4-v1,E3|cod-1100971
E3-cod-1100971-S5,cod-1100971,1100971,https://www.crystallography.net/cod/1100971.html,S5,synthetic_damage,cation-anion exchange,MnVCuO4,14,structures/E3-cod-1100971-S5/POSCAR.init,POSCAR,5ceee858afea83c6d4c47637db6d5a179e3762a180d15a2acb1952c78dc6b561,dft/E3_crosscheck/tasks/E3-cod-1100971-S5/POSCAR.init,structures/E3-cod-1100971-S5/TASK.json,2026-08-25-pris-dft-e1e4-v1,E3|cod-1100971
E3-cod-1501467-P0,cod-1501467,1501467,https://www.crystallography.net/cod/1501467.html,P0,experimental_parent,experimental parent,KTcO4,12,structures/E3-cod-1501467-P0/POSCAR.init,POSCAR,bf57ad02c35f0c7de00d0ccbd05b7954a5f5d09bf1b3bc03881607dcc9647bd2,dft/E3_crosscheck/tasks/E3-cod-1501467-P0/POSCAR.init,structures/E3-cod-1501467-P0/TASK.json,2026-08-25-pris-dft-e1e4-v1,E3|cod-1501467
E3-cod-1501467-S1,cod-1501467,1501467,https://www.crystallography.net/cod/1501467.html,S1,synthetic_damage,uniaxial compression,KTcO4,12,structures/E3-cod-1501467-S1/POSCAR.init,POSCAR,a5a5e80428651fbfa410fe5592ecb088da1be33352b1ee6231a7078a1415c176,dft/E3_crosscheck/tasks/E3-cod-1501467-S1/POSCAR.init,structures/E3-cod-1501467-S1/TASK.json,2026-08-25-pris-dft-e1e4-v1,E3|cod-1501467
E3-cod-1501467-S2,cod-1501467,1501467,https://www.crystallography.net/cod/1501467.html,S2,synthetic_damage,cation-cation exchange,KTcO4,12,structures/E3-cod-1501467-S2/POSCAR.init,POSCAR,f028d5965fade670e9a1892a5d96e397c89b64a04b0dbc556a9e1212df078bfd,dft/E3_crosscheck/tasks/E3-cod-1501467-S2/POSCAR.init,structures/E3-cod-1501467-S2/TASK.json,2026-08-25-pris-dft-e1e4-v1,E3|cod-1501467
E3-cod-1501467-S3,cod-1501467,1501467,https://www.crystallography.net/cod/1501467.html,S3,synthetic_damage,random displacement,KTcO4,12,structures/E3-cod-1501467-S3/POSCAR.init,POSCAR,df2dab6f48b9c90c0f8a412535aed3042250da33c4b298a8d247f0b07aa86875,dft/E3_crosscheck/tasks/E3-cod-1501467-S3/POSCAR.init,structures/E3-cod-1501467-S3/TASK.json,2026-08-25-pris-dft-e1e4-v1,E3|cod-1501467
E3-cod-1501467-S4,cod-1501467,1501467,https://www.crystallography.net/cod/1501467.html,S4,synthetic_damage,isotropic expansion,KTcO4,12,structures/E3-cod-1501467-S4/POSCAR.init,POSCAR,c560f9d0ecbe341f6eeae3f64849319d29acb9e38c525340f9a02d10ddcec5c4,dft/E3_crosscheck/tasks/E3-cod-1501467-S4/POSCAR.init,structures/E3-cod-1501467-S4/TASK.json,2026-08-25-pris-dft-e1e4-v1,E3|cod-1501467
E3-cod-1501467-S5,cod-1501467,1501467,https://www.crystallography.net/cod/1501467.html,S5,synthetic_damage,cation-anion exchange,KTcO4,12,structures/E3-cod-1501467-S5/POSCAR.init,POSCAR,0d21c369e74a9ca2685d82933fff9ab1947785d630a6ed151e6762863d4ca84b,dft/E3_crosscheck/tasks/E3-cod-1501467-S5/POSCAR.init,structures/E3-cod-1501467-S5/TASK.json,2026-08-25-pris-dft-e1e4-v1,E3|cod-1501467
E3-cod-1507759-P0,cod-1507759,1507759,https://www.crystallography.net/cod/1507759.html,P0,experimental_parent,experimental parent,MnNbF6,8,structures/E3-cod-1507759-P0/POSCAR.init,POSCAR,ccf9f6ac84cc06a386bf7779c950fde19d986b709b8ee3b2d6e6a800f2ce9e66,dft/E3_crosscheck/tasks/E3-cod-1507759-P0/POSCAR.init,structures/E3-cod-1507759-P0/TASK.json,2026-08-25-pris-dft-e1e4-v1,E3|cod-1507759
E3-cod-1507759-S1,cod-1507759,1507759,https://www.crystallography.net/cod/1507759.html,S1,synthetic_damage,uniaxial compression,MnNbF6,8,structures/E3-cod-1507759-S1/POSCAR.init,POSCAR,ef0f2c166ca1e7dbb25672e21df2e89a6ee4207a536a5cd4cdbc3b0c0f5090e0,dft/E3_crosscheck/tasks/E3-cod-1507759-S1/POSCAR.init,structures/E3-cod-1507759-S1/TASK.json,2026-08-25-pris-dft-e1e4-v1,E3|cod-1507759
E3-cod-1507759-S2,cod-1507759,1507759,https://www.crystallography.net/cod/1507759.html,S2,synthetic_damage,cation-cation exchange,MnNbF6,8,structures/E3-cod-1507759-S2/POSCAR.init,POSCAR,ae047a3f39e882458a6f6c5861805597a99e5fbf857b0dd43b001b9227a517ce,dft/E3_crosscheck/tasks/E3-cod-1507759-S2/POSCAR.init,structures/E3-cod-1507759-S2/TASK.json,2026-08-25-pris-dft-e1e4-v1,E3|cod-1507759
E3-cod-1507759-S3,cod-1507759,1507759,https://www.crystallography.net/cod/1507759.html,S3,synthetic_damage,random displacement,MnNbF6,8,structures/E3-cod-1507759-S3/POSCAR.init,POSCAR,543386e9912acdc613b60abeb78c859c5e0b16aeeed7e185e143cb5ae5035189,dft/E3_crosscheck/tasks/E3-cod-1507759-S3/POSCAR.init,structures/E3-cod-1507759-S3/TASK.json,2026-08-25-pris-dft-e1e4-v1,E3|cod-1507759
E3-cod-1507759-S4,cod-1507759,1507759,https://www.crystallography.net/cod/1507759.html,S4,synthetic_damage,isotropic expansion,MnNbF6,8,structures/E3-cod-1507759-S4/POSCAR.init,POSCAR,1fa2ab25259bdba3a397e54943cc32a8ed43acf73b3b183dc7dd36a8e9e4a2df,dft/E3_crosscheck/tasks/E3-cod-1507759-S4/POSCAR.init,structures/E3-cod-1507759-S4/TASK.json,2026-08-25-pris-dft-e1e4-v1,E3|cod-1507759
E3-cod-1507759-S5,cod-1507759,1507759,https://www.crystallography.net/cod/1507759.html,S5,synthetic_damage,cation-anion exchange,MnNbF6,8,structures/E3-cod-1507759-S5/POSCAR.init,POSCAR,29353d25b7ae4aa988b602576c261bf94a04ca89cf0d5806a520a3ce2cdfc995,dft/E3_crosscheck/tasks/E3-cod-1507759-S5/POSCAR.init,structures/E3-cod-1507759-S5/TASK.json,2026-08-25-pris-dft-e1e4-v1,E3|cod-1507759
E3-cod-1507767-P0,cod-1507767,1507767,https://www.crystallography.net/cod/1507767.html,P0,experimental_parent,experimental parent,NaAlF4,12,structures/E3-cod-1507767-P0/POSCAR.init,POSCAR,2c389287ae7d5b9d0939f96cad555cb400bc46d7230f4542954622ea3e192053,dft/E3_crosscheck/tasks/E3-cod-1507767-P0/POSCAR.init,structures/E3-cod-1507767-P0/TASK.json,2026-08-25-pris-dft-e1e4-v1,E3|cod-1507767
E3-cod-1507767-S1,cod-1507767,1507767,https://www.crystallography.net/cod/1507767.html,S1,synthetic_damage,uniaxial compression,NaAlF4,12,structures/E3-cod-1507767-S1/POSCAR.init,POSCAR,a066f48e84e6b09bf0a68e5e4b38bec970081fd0c801e4544d1028b442df0f1b,dft/E3_crosscheck/tasks/E3-cod-1507767-S1/POSCAR.init,structures/E3-cod-1507767-S1/TASK.json,2026-08-25-pris-dft-e1e4-v1,E3|cod-1507767
E3-cod-1507767-S2,cod-1507767,1507767,https://www.crystallography.net/cod/1507767.html,S2,synthetic_damage,cation-cation exchange,NaAlF4,12,structures/E3-cod-1507767-S2/POSCAR.init,POSCAR,fe4841af3f7583cce956dfe68977336e499322ab2dc39cdd707e2306ddef7dfe,dft/E3_crosscheck/tasks/E3-cod-1507767-S2/POSCAR.init,structures/E3-cod-1507767-S2/TASK.json,2026-08-25-pris-dft-e1e4-v1,E3|cod-1507767
E3-cod-1507767-S3,cod-1507767,1507767,https://www.crystallography.net/cod/1507767.html,S3,synthetic_damage,random displacement,NaAlF4,12,structures/E3-cod-1507767-S3/POSCAR.init,POSCAR,1edc97ffc5761368ee770c338735074381a9232f8c0453d4804e9bfc012c6af8,dft/E3_crosscheck/tasks/E3-cod-1507767-S3/POSCAR.init,structures/E3-cod-1507767-S3/TASK.json,2026-08-25-pris-dft-e1e4-v1,E3|cod-1507767
E3-cod-1507767-S4,cod-1507767,1507767,https://www.crystallography.net/cod/1507767.html,S4,synthetic_damage,isotropic expansion,NaAlF4,12,structures/E3-cod-1507767-S4/POSCAR.init,POSCAR,2da738a964b635455d78db282ea27a9587b7d82d1b5666ce19706476e6073173,dft/E3_crosscheck/tasks/E3-cod-1507767-S4/POSCAR.init,structures/E3-cod-1507767-S4/TASK.json,2026-08-25-pris-dft-e1e4-v1,E3|cod-1507767
E3-cod-1507767-S5,cod-1507767,1507767,https://www.crystallography.net/cod/1507767.html,S5,synthetic_damage,cation-anion exchange,NaAlF4,12,structures/E3-cod-1507767-S5/POSCAR.init,POSCAR,1fcf71cf46673d134138469540aec935dbbde6a85a85b98bcf487375d730b171,dft/E3_crosscheck/tasks/E3-cod-1507767-S5/POSCAR.init,structures/E3-cod-1507767-S5/TASK.json,2026-08-25-pris-dft-e1e4-v1,E3|cod-1507767
E3-cod-1509200-P0,cod-1509200,1509200,https://www.crystallography.net/cod/1509200.html,P0,experimental_parent,experimental parent,AgAsSe2,4,structures/E3-cod-1509200-P0/POSCAR.init,POSCAR,5dd6437817f9881edeb0d7ae98639361d768cd00df9fa4f6097c9dd306608447,dft/E3_crosscheck/tasks/E3-cod-1509200-P0/POSCAR.init,structures/E3-cod-1509200-P0/TASK.json,2026-08-25-pris-dft-e1e4-v1,E3|cod-1509200
E3-cod-1509200-S1,cod-1509200,1509200,https://www.crystallography.net/cod/1509200.html,S1,synthetic_damage,uniaxial compression,AgAsSe2,4,structures/E3-cod-1509200-S1/POSCAR.init,POSCAR,ab560b7c0d18bda1ca887c0bab742637e8e359ebdd75c93b6fd0e0e9f402a384,dft/E3_crosscheck/tasks/E3-cod-1509200-S1/POSCAR.init,structures/E3-cod-1509200-S1/TASK.json,2026-08-25-pris-dft-e1e4-v1,E3|cod-1509200
E3-cod-1509200-S2,cod-1509200,1509200,https://www.crystallography.net/cod/1509200.html,S2,synthetic_damage,cation-cation exchange,AgAsSe2,4,structures/E3-cod-1509200-S2/POSCAR.init,POSCAR,c740c5c0aef7fdc2627b44805008229a8e44c54293b6a9dbd83fb2f61a785242,dft/E3_crosscheck/tasks/E3-cod-1509200-S2/POSCAR.init,structures/E3-cod-1509200-S2/TASK.json,2026-08-25-pris-dft-e1e4-v1,E3|cod-1509200
E3-cod-1509200-S3,cod-1509200,1509200,https://www.crystallography.net/cod/1509200.html,S3,synthetic_damage,random displacement,AgAsSe2,4,structures/E3-cod-1509200-S3/POSCAR.init,POSCAR,529b34b55383c7525aaaa9af426ec3441ec66dc04dd1961c92b8269a647935a8,dft/E3_crosscheck/tasks/E3-cod-1509200-S3/POSCAR.init,structures/E3-cod-1509200-S3/TASK.json,2026-08-25-pris-dft-e1e4-v1,E3|cod-1509200
E3-cod-1509200-S4,cod-1509200,1509200,https://www.crystallography.net/cod/1509200.html,S4,synthetic_damage,isotropic expansion,AgAsSe2,4,structures/E3-cod-1509200-S4/POSCAR.init,POSCAR,7d0fe6967ab85b202300a4676e561fc8bf484901b162dd16ace85b0143b4317e,dft/E3_crosscheck/tasks/E3-cod-1509200-S4/POSCAR.init,structures/E3-cod-1509200-S4/TASK.json,2026-08-25-pris-dft-e1e4-v1,E3|cod-1509200
E3-cod-1509200-S5,cod-1509200,1509200,https://www.crystallography.net/cod/1509200.html,S5,synthetic_damage,cation-anion exchange,AgAsSe2,4,structures/E3-cod-1509200-S5/POSCAR.init,POSCAR,90794930ff1f0ccc2fac25ae2549958290de1c07a414411fca824b1637a4fc14,dft/E3_crosscheck/tasks/E3-cod-1509200-S5/POSCAR.init,structures/E3-cod-1509200-S5/TASK.json,2026-08-25-pris-dft-e1e4-v1,E3|cod-1509200
E3-cod-1509211-P0,cod-1509211,1509211,https://www.crystallography.net/cod/1509211.html,P0,experimental_parent,experimental parent,AgBF5,14,structures/E3-cod-1509211-P0/POSCAR.init,POSCAR,5b03791d99fd878a22e290081868aca9b68deccfb32065e8247f75d0f501659e,dft/E3_crosscheck/tasks/E3-cod-1509211-P0/POSCAR.init,structures/E3-cod-1509211-P0/TASK.json,2026-08-25-pris-dft-e1e4-v1,E3|cod-1509211
E3-cod-1509211-S1,cod-1509211,1509211,https://www.crystallography.net/cod/1509211.html,S1,synthetic_damage,uniaxial compression,AgBF5,14,structures/E3-cod-1509211-S1/POSCAR.init,POSCAR,6196c0afb60d75c6edff4b3e7a6b3f226fbd507a0376ac5ea6958516e124527a,dft/E3_crosscheck/tasks/E3-cod-1509211-S1/POSCAR.init,structures/E3-cod-1509211-S1/TASK.json,2026-08-25-pris-dft-e1e4-v1,E3|cod-1509211
E3-cod-1509211-S2,cod-1509211,1509211,https://www.crystallography.net/cod/1509211.html,S2,synthetic_damage,cation-cation exchange,AgBF5,14,structures/E3-cod-1509211-S2/POSCAR.init,POSCAR,1bc99b3d872cdb0fa4936999160534c95b7ba8ab3f45a7c2964b130ba7fe6ce1,dft/E3_crosscheck/tasks/E3-cod-1509211-S2/POSCAR.init,structures/E3-cod-1509211-S2/TASK.json,2026-08-25-pris-dft-e1e4-v1,E3|cod-1509211
E3-cod-1509211-S3,cod-1509211,1509211,https://www.crystallography.net/cod/1509211.html,S3,synthetic_damage,random displacement,AgBF5,14,structures/E3-cod-1509211-S3/POSCAR.init,POSCAR,468f4b3f2efb17331cac306f639491b1911145977eb33205e56bf196470578a9,dft/E3_crosscheck/tasks/E3-cod-1509211-S3/POSCAR.init,structures/E3-cod-1509211-S3/TASK.json,2026-08-25-pris-dft-e1e4-v1,E3|cod-1509211
E3-cod-1509211-S4,cod-1509211,1509211,https://www.crystallography.net/cod/1509211.html,S4,synthetic_damage,isotropic expansion,AgBF5,14,structures/E3-cod-1509211-S4/POSCAR.init,POSCAR,11c118df57e6a210f63a1d87a1964e6fe05d5bdc709944b8af3738c1053cab97,dft/E3_crosscheck/tasks/E3-cod-1509211-S4/POSCAR.init,structures/E3-cod-1509211-S4/TASK.json,2026-08-25-pris-dft-e1e4-v1,E3|cod-1509211
E3-cod-1509211-S5,cod-1509211,1509211,https://www.crystallography.net/cod/1509211.html,S5,synthetic_damage,cation-anion exchange,AgBF5,14,structures/E3-cod-1509211-S5/POSCAR.init,POSCAR,9d16b3615c0efd4f2779aaa42484353dc6cb08b3055ccc6adfec6aa1f39e0a92,dft/E3_crosscheck/tasks/E3-cod-1509211-S5/POSCAR.init,structures/E3-cod-1509211-S5/TASK.json,2026-08-25-pris-dft-e1e4-v1,E3|cod-1509211
E3-cod-1509226-P0,cod-1509226,1509226,https://www.crystallography.net/cod/1509226.html,P0,experimental_parent,experimental parent,BaYAgTe3,12,structures/E3-cod-1509226-P0/POSCAR.init,POSCAR,fcbb22452d42741a3e5a6cd477ecbf6b7278caa5976447dd5f11eb567fac6008,dft/E3_crosscheck/tasks/E3-cod-1509226-P0/POSCAR.init,structures/E3-cod-1509226-P0/TASK.json,2026-08-25-pris-dft-e1e4-v1,E3|cod-1509226
E3-cod-1509226-S1,cod-1509226,1509226,https://www.crystallography.net/cod/1509226.html,S1,synthetic_damage,uniaxial compression,BaYAgTe3,12,structures/E3-cod-1509226-S1/POSCAR.init,POSCAR,4f7f13c81cd1347494d2d9a1299323507900a1e7a620c7d30bff7a2468aaf78b,dft/E3_crosscheck/tasks/E3-cod-1509226-S1/POSCAR.init,structures/E3-cod-1509226-S1/TASK.json,2026-08-25-pris-dft-e1e4-v1,E3|cod-1509226
E3-cod-1509226-S2,cod-1509226,1509226,https://www.crystallography.net/cod/1509226.html,S2,synthetic_damage,cation-cation exchange,BaYAgTe3,12,structures/E3-cod-1509226-S2/POSCAR.init,POSCAR,d82025bdef533c73501bcbdfde36b0cf236ac6e0f3ecc547ec2b8ae4af7e7d27,dft/E3_crosscheck/tasks/E3-cod-1509226-S2/POSCAR.init,structures/E3-cod-1509226-S2/TASK.json,2026-08-25-pris-dft-e1e4-v1,E3|cod-1509226
E3-cod-1509226-S3,cod-1509226,1509226,https://www.crystallography.net/cod/1509226.html,S3,synthetic_damage,random displacement,BaYAgTe3,12,structures/E3-cod-1509226-S3/POSCAR.init,POSCAR,f222024f6e6650a4cfea34849c71e3b1dab9735d974d3a6d9b45b5de3cd53a9a,dft/E3_crosscheck/tasks/E3-cod-1509226-S3/POSCAR.init,structures/E3-cod-1509226-S3/TASK.json,2026-08-25-pris-dft-e1e4-v1,E3|cod-1509226
E3-cod-1509226-S4,cod-1509226,1509226,https://www.crystallography.net/cod/1509226.html,S4,synthetic_damage,isotropic expansion,BaYAgTe3,12,structures/E3-cod-1509226-S4/POSCAR.init,POSCAR,3fd5d39fac232a862f906783dbdbb7bb48ee2ec5ded63aff80137d8275098e63,dft/E3_crosscheck/tasks/E3-cod-1509226-S4/POSCAR.init,structures/E3-cod-1509226-S4/TASK.json,2026-08-25-pris-dft-e1e4-v1,E3|cod-1509226
E3-cod-1509226-S5,cod-1509226,1509226,https://www.crystallography.net/cod/1509226.html,S5,synthetic_damage,cation-anion exchange,BaYAgTe3,12,structures/E3-cod-1509226-S5/POSCAR.init,POSCAR,1e9bd829998cb65ac09e5b7d1e113fd05d3107c612e0dbdb855ec89c688c38e2,dft/E3_crosscheck/tasks/E3-cod-1509226-S5/POSCAR.init,structures/E3-cod-1509226-S5/TASK.json,2026-08-25-pris-dft-e1e4-v1,E3|cod-1509226
E3-cod-1509232-P0,cod-1509232,1509232,https://www.crystallography.net/cod/1509232.html,P0,experimental_parent,experimental parent,AlAgO2,8,structures/E3-cod-1509232-P0/POSCAR.init,POSCAR,3a3be62273be237849b8199a863e10fe367df2d98ce40c52c6c18d423179091a,dft/E3_crosscheck/tasks/E3-cod-1509232-P0/POSCAR.init,structures/E3-cod-1509232-P0/TASK.json,2026-08-25-pris-dft-e1e4-v1,E3|cod-1509232
E3-cod-1509232-S1,cod-1509232,1509232,https://www.crystallography.net/cod/1509232.html,S1,synthetic_damage,uniaxial compression,AlAgO2,8,structures/E3-cod-1509232-S1/POSCAR.init,POSCAR,cf8f88998fb37016a9d2eea7af59ab15bf0f94a52c58bedc0192f9ca746101be,dft/E3_crosscheck/tasks/E3-cod-1509232-S1/POSCAR.init,structures/E3-cod-1509232-S1/TASK.json,2026-08-25-pris-dft-e1e4-v1,E3|cod-1509232
E3-cod-1509232-S2,cod-1509232,1509232,https://www.crystallography.net/cod/1509232.html,S2,synthetic_damage,cation-cation exchange,AlAgO2,8,structures/E3-cod-1509232-S2/POSCAR.init,POSCAR,48d78bf6cb4dacc88ad5b41df08c2dea427c09a6f4c69acf2ea33988ed9260f6,dft/E3_crosscheck/tasks/E3-cod-1509232-S2/POSCAR.init,structures/E3-cod-1509232-S2/TASK.json,2026-08-25-pris-dft-e1e4-v1,E3|cod-1509232
E3-cod-1509232-S3,cod-1509232,1509232,https://www.crystallography.net/cod/1509232.html,S3,synthetic_damage,random displacement,AlAgO2,8,structures/E3-cod-1509232-S3/POSCAR.init,POSCAR,278972e688f9b6d93b0a2d44bfb1b150c9d4eeace11978ef68c6b4b26b2f4de1,dft/E3_crosscheck/tasks/E3-cod-1509232-S3/POSCAR.init,structures/E3-cod-1509232-S3/TASK.json,2026-08-25-pris-dft-e1e4-v1,E3|cod-1509232
E3-cod-1509232-S4,cod-1509232,1509232,https://www.crystallography.net/cod/1509232.html,S4,synthetic_damage,isotropic expansion,AlAgO2,8,structures/E3-cod-1509232-S4/POSCAR.init,POSCAR,7e6327ad47a66291bdb2e57cb5c63bb9c38177b5f626ea7849361c6080021751,dft/E3_crosscheck/tasks/E3-cod-1509232-S4/POSCAR.init,structures/E3-cod-1509232-S4/TASK.json,2026-08-25-pris-dft-e1e4-v1,E3|cod-1509232
E3-cod-1509232-S5,cod-1509232,1509232,https://www.crystallography.net/cod/1509232.html,S5,synthetic_damage,cation-anion exchange,AlAgO2,8,structures/E3-cod-1509232-S5/POSCAR.init,POSCAR,a69629b2278852004b873f738ff774ad03eae31d64c207579e2b44c2d081b25b,dft/E3_crosscheck/tasks/E3-cod-1509232-S5/POSCAR.init,structures/E3-cod-1509232-S5/TASK.json,2026-08-25-pris-dft-e1e4-v1,E3|cod-1509232
E3-cod-1509271-P0,cod-1509271,1509271,https://www.crystallography.net/cod/1509271.html,P0,experimental_parent,experimental parent,CrAgSe2,4,structures/E3-cod-1509271-P0/POSCAR.init,POSCAR,d8f6ea478d423fc1819ca63fe1c1b73f0b227b6ab51ebb9caed74a72fbc73504,dft/E3_crosscheck/tasks/E3-cod-1509271-P0/POSCAR.init,structures/E3-cod-1509271-P0/TASK.json,2026-08-25-pris-dft-e1e4-v1,E3|cod-1509271
E3-cod-1509271-S1,cod-1509271,1509271,https://www.crystallography.net/cod/1509271.html,S1,synthetic_damage,uniaxial compression,CrAgSe2,4,structures/E3-cod-1509271-S1/POSCAR.init,POSCAR,39bdb10915fae6c504755492494e2c71df81fd755e2f8698ce1e5551b987cbc4,dft/E3_crosscheck/tasks/E3-cod-1509271-S1/POSCAR.init,structures/E3-cod-1509271-S1/TASK.json,2026-08-25-pris-dft-e1e4-v1,E3|cod-1509271
E3-cod-1509271-S2,cod-1509271,1509271,https://www.crystallography.net/cod/1509271.html,S2,synthetic_damage,cation-cation exchange,CrAgSe2,4,structures/E3-cod-1509271-S2/POSCAR.init,POSCAR,e698b4c389437d754ff65c76338af8d29f0ff1785201ab4acc7a0e3ab7142b17,dft/E3_crosscheck/tasks/E3-cod-1509271-S2/POSCAR.init,structures/E3-cod-1509271-S2/TASK.json,2026-08-25-pris-dft-e1e4-v1,E3|cod-1509271
E3-cod-1509271-S3,cod-1509271,1509271,https://www.crystallography.net/cod/1509271.html,S3,synthetic_damage,random displacement,CrAgSe2,4,structures/E3-cod-1509271-S3/POSCAR.init,POSCAR,9abd796795783379c5ff45c3c0a95a87b3bac4b6ef22626922efd86aede5e274,dft/E3_crosscheck/tasks/E3-cod-1509271-S3/POSCAR.init,structures/E3-cod-1509271-S3/TASK.json,2026-08-25-pris-dft-e1e4-v1,E3|cod-1509271
E3-cod-1509271-S4,cod-1509271,1509271,https://www.crystallography.net/cod/1509271.html,S4,synthetic_damage,isotropic expansion,CrAgSe2,4,structures/E3-cod-1509271-S4/POSCAR.init,POSCAR,87ca8e8d0b1284d5cca649810f495c968f3cf44cdfad0cf9804672172e957d7f,dft/E3_crosscheck/tasks/E3-cod-1509271-S4/POSCAR.init,structures/E3-cod-1509271-S4/TASK.json,2026-08-25-pris-dft-e1e4-v1,E3|cod-1509271
E3-cod-1509271-S5,cod-1509271,1509271,https://www.crystallography.net/cod/1509271.html,S5,synthetic_damage,cation-anion exchange,CrAgSe2,4,structures/E3-cod-1509271-S5/POSCAR.init,POSCAR,49c4110fb604b6fd78eb9a7263e6d84c69269dde0da4160c8b82afc7c860e55f,dft/E3_crosscheck/tasks/E3-cod-1509271-S5/POSCAR.init,structures/E3-cod-1509271-S5/TASK.json,2026-08-25-pris-dft-e1e4-v1,E3|cod-1509271
E3-cod-1509274-P0,cod-1509274,1509274,https://www.crystallography.net/cod/1509274.html,P0,experimental_parent,experimental parent,Cr2AgTe4,14,structures/E3-cod-1509274-P0/POSCAR.init,POSCAR,9e82bb04d89b6f5ea703b498206ddda337746f8f951f6fabe8de39335147c919,dft/E3_crosscheck/tasks/E3-cod-1509274-P0/POSCAR.init,structures/E3-cod-1509274-P0/TASK.json,2026-08-25-pris-dft-e1e4-v1,E3|cod-1509274
E3-cod-1509274-S1,cod-1509274,1509274,https://www.crystallography.net/cod/1509274.html,S1,synthetic_damage,uniaxial compression,Cr2AgTe4,14,structures/E3-cod-1509274-S1/POSCAR.init,POSCAR,96d4fd0d9a5d47b85cc25f36af24518deb2983883ad502fc8265086a992bfb8a,dft/E3_crosscheck/tasks/E3-cod-1509274-S1/POSCAR.init,structures/E3-cod-1509274-S1/TASK.json,2026-08-25-pris-dft-e1e4-v1,E3|cod-1509274
E3-cod-1509274-S2,cod-1509274,1509274,https://www.crystallography.net/cod/1509274.html,S2,synthetic_damage,cation-cation exchange,Cr2AgTe4,14,structures/E3-cod-1509274-S2/POSCAR.init,POSCAR,067b26cb6cb7c996a2cc9463802f11708a66b0de5acc869bbc650d7ad4558b8f,dft/E3_crosscheck/tasks/E3-cod-1509274-S2/POSCAR.init,structures/E3-cod-1509274-S2/TASK.json,2026-08-25-pris-dft-e1e4-v1,E3|cod-1509274
E3-cod-1509274-S3,cod-1509274,1509274,https://www.crystallography.net/cod/1509274.html,S3,synthetic_damage,random displacement,Cr2AgTe4,14,structures/E3-cod-1509274-S3/POSCAR.init,POSCAR,9e636651303d78eadad81d31eee4ad3da3235d5f907d61cac25e3a517a78ec79,dft/E3_crosscheck/tasks/E3-cod-1509274-S3/POSCAR.init,structures/E3-cod-1509274-S3/TASK.json,2026-08-25-pris-dft-e1e4-v1,E3|cod-1509274
E3-cod-1509274-S4,cod-1509274,1509274,https://www.crystallography.net/cod/1509274.html,S4,synthetic_damage,isotropic expansion,Cr2AgTe4,14,structures/E3-cod-1509274-S4/POSCAR.init,POSCAR,5e3f506455975dd4eda53f8aeb69cee21807b56f40bb1ef5739f1b20de45b3a8,dft/E3_crosscheck/tasks/E3-cod-1509274-S4/POSCAR.init,structures/E3-cod-1509274-S4/TASK.json,2026-08-25-pris-dft-e1e4-v1,E3|cod-1509274
E3-cod-1509274-S5,cod-1509274,1509274,https://www.crystallography.net/cod/1509274.html,S5,synthetic_damage,cation-anion exchange,Cr2AgTe4,14,structures/E3-cod-1509274-S5/POSCAR.init,POSCAR,4d1f9be51df5994f50f105413500d5b777314c05f9d8cbc56efdda6ba5c967aa,dft/E3_crosscheck/tasks/E3-cod-1509274-S5/POSCAR.init,structures/E3-cod-1509274-S5/TASK.json,2026-08-25-pris-dft-e1e4-v1,E3|cod-1509274
E3-cod-1509284-P0,cod-1509284,1509284,https://www.crystallography.net/cod/1509284.html,P0,experimental_parent,experimental parent,Cs2AgF4,7,structures/E3-cod-1509284-P0/POSCAR.init,POSCAR,75a608c1020a5ba49e2ecbc168096f39e14d536100157c0ef51f0823295a5524,dft/E3_crosscheck/tasks/E3-cod-1509284-P0/POSCAR.init,structures/E3-cod-1509284-P0/TASK.json,2026-08-25-pris-dft-e1e4-v1,E3|cod-1509284
E3-cod-1509284-S1,cod-1509284,1509284,https://www.crystallography.net/cod/1509284.html,S1,synthetic_damage,uniaxial compression,Cs2AgF4,7,structures/E3-cod-1509284-S1/POSCAR.init,POSCAR,1bca051144d7bd8100a7f1c875a72aa0d5d689ae91fb1656d777aaf56ad56215,dft/E3_crosscheck/tasks/E3-cod-1509284-S1/POSCAR.init,structures/E3-cod-1509284-S1/TASK.json,2026-08-25-pris-dft-e1e4-v1,E3|cod-1509284
E3-cod-1509284-S2,cod-1509284,1509284,https://www.crystallography.net/cod/1509284.html,S2,synthetic_damage,cation-cation exchange,Cs2AgF4,7,structures/E3-cod-1509284-S2/POSCAR.init,POSCAR,b6523c97dd1a2bc53a540602e078ad387f13a1f7133ec3b5139b76e970216354,dft/E3_crosscheck/tasks/E3-cod-1509284-S2/POSCAR.init,structures/E3-cod-1509284-S2/TASK.json,2026-08-25-pris-dft-e1e4-v1,E3|cod-1509284
E3-cod-1509284-S3,cod-1509284,1509284,https://www.crystallography.net/cod/1509284.html,S3,synthetic_damage,random displacement,Cs2AgF4,7,structures/E3-cod-1509284-S3/POSCAR.init,POSCAR,c935ef1fd63697553c132fdd682b455455def85521dfd6040dfcd14fe2e22381,dft/E3_crosscheck/tasks/E3-cod-1509284-S3/POSCAR.init,structures/E3-cod-1509284-S3/TASK.json,2026-08-25-pris-dft-e1e4-v1,E3|cod-1509284
E3-cod-1509284-S4,cod-1509284,1509284,https://www.crystallography.net/cod/1509284.html,S4,synthetic_damage,isotropic expansion,Cs2AgF4,7,structures/E3-cod-1509284-S4/POSCAR.init,POSCAR,203fcc1d8c8b2aa354f3e1b6641e24804c239a39cca043719e9ccf386ab0bff9,dft/E3_crosscheck/tasks/E3-cod-1509284-S4/POSCAR.init,structures/E3-cod-1509284-S4/TASK.json,2026-08-25-pris-dft-e1e4-v1,E3|cod-1509284
E3-cod-1509284-S5,cod-1509284,1509284,https://www.crystallography.net/cod/1509284.html,S5,synthetic_damage,cation-anion exchange,Cs2AgF4,7,structures/E3-cod-1509284-S5/POSCAR.init,POSCAR,054efebd871784f47746409d2c2c0423ae7f3bc2639cf87bd578ed26583820b2,dft/E3_crosscheck/tasks/E3-cod-1509284-S5/POSCAR.init,structures/E3-cod-1509284-S5/TASK.json,2026-08-25-pris-dft-e1e4-v1,E3|cod-1509284
E3-cod-1509287-P0,cod-1509287,1509287,https://www.crystallography.net/cod/1509287.html,P0,experimental_parent,experimental parent,Cs2VAgS4,16,structures/E3-cod-1509287-P0/POSCAR.init,POSCAR,1c73a04151c00475dc555b05dd39cef6878de5b8385987040d026d07cf32f6fb,dft/E3_crosscheck/tasks/E3-cod-1509287-P0/POSCAR.init,structures/E3-cod-1509287-P0/TASK.json,2026-08-25-pris-dft-e1e4-v1,E3|cod-1509287
E3-cod-1509287-S1,cod-1509287,1509287,https://www.crystallography.net/cod/1509287.html,S1,synthetic_damage,uniaxial compression,Cs2VAgS4,16,structures/E3-cod-1509287-S1/POSCAR.init,POSCAR,e31a9b49b6be40048fe45c3935285b380bb78d0df4b08776085c847b62948c09,dft/E3_crosscheck/tasks/E3-cod-1509287-S1/POSCAR.init,structures/E3-cod-1509287-S1/TASK.json,2026-08-25-pris-dft-e1e4-v1,E3|cod-1509287
E3-cod-1509287-S2,cod-1509287,1509287,https://www.crystallography.net/cod/1509287.html,S2,synthetic_damage,cation-cation exchange,Cs2VAgS4,16,structures/E3-cod-1509287-S2/POSCAR.init,POSCAR,9bcbb275a04476b5114730ea19a8e23571e793fc3e96f9ea3dc21e8185843ff1,dft/E3_crosscheck/tasks/E3-cod-1509287-S2/POSCAR.init,structures/E3-cod-1509287-S2/TASK.json,2026-08-25-pris-dft-e1e4-v1,E3|cod-1509287
E3-cod-1509287-S3,cod-1509287,1509287,https://www.crystallography.net/cod/1509287.html,S3,synthetic_damage,random displacement,Cs2VAgS4,16,structures/E3-cod-1509287-S3/POSCAR.init,POSCAR,87590d7c53164747dc49836900128b5de114d893c60a7ccf60f8ea6883246412,dft/E3_crosscheck/tasks/E3-cod-1509287-S3/POSCAR.init,structures/E3-cod-1509287-S3/TASK.json,2026-08-25-pris-dft-e1e4-v1,E3|cod-1509287
E3-cod-1509287-S4,cod-1509287,1509287,https://www.crystallography.net/cod/1509287.html,S4,synthetic_damage,isotropic expansion,Cs2VAgS4,16,structures/E3-cod-1509287-S4/POSCAR.init,POSCAR,f6980ee93a6295e5ce14ee6b5e997247c3f1dded93d5047b9b40108b647c2616,dft/E3_crosscheck/tasks/E3-cod-1509287-S4/POSCAR.init,structures/E3-cod-1509287-S4/TASK.json,2026-08-25-pris-dft-e1e4-v1,E3|cod-1509287
E3-cod-1509287-S5,cod-1509287,1509287,https://www.crystallography.net/cod/1509287.html,S5,synthetic_damage,cation-anion exchange,Cs2VAgS4,16,structures/E3-cod-1509287-S5/POSCAR.init,POSCAR,919c958e8a82f00fadf4220a42339565320d468a658cbd477dd8baabe8388268,dft/E3_crosscheck/tasks/E3-cod-1509287-S5/POSCAR.init,structures/E3-cod-1509287-S5/TASK.json,2026-08-25-pris-dft-e1e4-v1,E3|cod-1509287
